,_RV110W_FW_1.1.0.9.bin.extracted,_RV110W_FW_1.2.0.10.bin.extracted,_RV110W_FW_1.2.0.9.bin.extracted,_RV110W_FW_1.2.1.4.bin.extracted,_RV110W_FW_1.2.1.7.bin.extracted
/lang_pack/EN.js,03a462916a2afb5a3c683871f398c8b5,5f548b75343a302bc493dc002ad6d111,49e4bc46c6ac435cfb86af3058111946,66fca7ecb69ada9f36c8684270fb3259,66fca7ecb69ada9f36c8684270fb3259
/image/drawerTriangleOpenT.gif,7b5c1080ea9605384a25ebbb49873b42,7b5c1080ea9605384a25ebbb49873b42,7b5c1080ea9605384a25ebbb49873b42,7b5c1080ea9605384a25ebbb49873b42,7b5c1080ea9605384a25ebbb49873b42
/cues_taglib.css,3aa1fafaf3e203f3d11fc09e873ce95f,3aa1fafaf3e203f3d11fc09e873ce95f,3aa1fafaf3e203f3d11fc09e873ce95f,3aa1fafaf3e203f3d11fc09e873ce95f,3aa1fafaf3e203f3d11fc09e873ce95f
/image/statusbar_start.gif,3e86435e25c016995d6f8bd66e966f21,3e86435e25c016995d6f8bd66e966f21,3e86435e25c016995d6f8bd66e966f21,3e86435e25c016995d6f8bd66e966f21,3e86435e25c016995d6f8bd66e966f21
/help/EN_help/filename_hlp.js,1469eb5669113b8510f91d2831f2fc1f,0e380cf3304e7f745798872bfc847a9a,0e380cf3304e7f745798872bfc847a9a,0e380cf3304e7f745798872bfc847a9a,0e380cf3304e7f745798872bfc847a9a
/help/EN_help/catalog.css,ad01cc6dca7d9d781c6b16c92a87e2f9,5a141adf2ac11c10b720e4100fa4b114,5a141adf2ac11c10b720e4100fa4b114,5a141adf2ac11c10b720e4100fa4b114,5a141adf2ac11c10b720e4100fa4b114
/image/AlertCritical16Wht.gif,4a6144a34ac6b62443164e3a1ac9e12b,4a6144a34ac6b62443164e3a1ac9e12b,4a6144a34ac6b62443164e3a1ac9e12b,4a6144a34ac6b62443164e3a1ac9e12b,4a6144a34ac6b62443164e3a1ac9e12b
/image/favorites.png,f40adac139dac1297edb2b6a30f8b7fc,f40adac139dac1297edb2b6a30f8b7fc,f40adac139dac1297edb2b6a30f8b7fc,f40adac139dac1297edb2b6a30f8b7fc,f40adac139dac1297edb2b6a30f8b7fc
/image/NavPaneGripperT_V.gif,f36457d4f5cd21a5127247167503ea7a,f36457d4f5cd21a5127247167503ea7a,f36457d4f5cd21a5127247167503ea7a,f36457d4f5cd21a5127247167503ea7a,f36457d4f5cd21a5127247167503ea7a
/md5.js,ee3a962f93b0031161f08e7c6503f961,ee3a962f93b0031161f08e7c6503f961,ee3a962f93b0031161f08e7c6503f961,ee3a962f93b0031161f08e7c6503f961,ee3a962f93b0031161f08e7c6503f961
/help/EN_help/filename_sch.js,a01976b2a14d0fe97048dfabcfdd0f0b,0293bf8a00daa33d6ad5c9c7eae42b9f,0293bf8a00daa33d6ad5c9c7eae42b9f,0293bf8a00daa33d6ad5c9c7eae42b9f,0293bf8a00daa33d6ad5c9c7eae42b9f
/help/EN_help/engstyle.css,619337b4384e2f65787f956286134d19,619337b4384e2f65787f956286134d19,619337b4384e2f65787f956286134d19,619337b4384e2f65787f956286134d19,619337b4384e2f65787f956286134d19
/image/Status_information_icon.gif,b21400c0bdf197052315a97b51c4ac14,b21400c0bdf197052315a97b51c4ac14,b21400c0bdf197052315a97b51c4ac14,b21400c0bdf197052315a97b51c4ac14,b21400c0bdf197052315a97b51c4ac14
/image/Status_success_icon.gif,1cc473ebf66482864ff946cdb37bc852,1cc473ebf66482864ff946cdb37bc852,1cc473ebf66482864ff946cdb37bc852,1cc473ebf66482864ff946cdb37bc852,1cc473ebf66482864ff946cdb37bc852
/image/block_50.png,32b2f20b1c17557f86e73c69a5a5b1ba,32b2f20b1c17557f86e73c69a5a5b1ba,32b2f20b1c17557f86e73c69a5a5b1ba,32b2f20b1c17557f86e73c69a5a5b1ba,32b2f20b1c17557f86e73c69a5a5b1ba
/help/EN_help/images/open_new_win_icon.gif,b64d61b338f938b0bea45ea88eefa621,b64d61b338f938b0bea45ea88eefa621,b64d61b338f938b0bea45ea88eefa621,b64d61b338f938b0bea45ea88eefa621,b64d61b338f938b0bea45ea88eefa621
/help/EN_help/images/239122.jpg,7f0fec92fa54ec30dfd3500a5584869e,404,404,404,404
/image/SWpanelBg.png,24096f613fa9dced3bf1f81f4457128c,24096f613fa9dced3bf1f81f4457128c,24096f613fa9dced3bf1f81f4457128c,24096f613fa9dced3bf1f81f4457128c,24096f613fa9dced3bf1f81f4457128c
/image/BT_Disabled.jpg,46179ed9e688c3af24652cf5569d9391,46179ed9e688c3af24652cf5569d9391,46179ed9e688c3af24652cf5569d9391,46179ed9e688c3af24652cf5569d9391,46179ed9e688c3af24652cf5569d9391
/image/showDis.gif,7fdba5570a60b762ac8c1b9416a91bb8,7fdba5570a60b762ac8c1b9416a91bb8,7fdba5570a60b762ac8c1b9416a91bb8,7fdba5570a60b762ac8c1b9416a91bb8,7fdba5570a60b762ac8c1b9416a91bb8
/help/EN_help/images/print_0004_16.gif,b63db3359cdc9836536368d597edc5be,b63db3359cdc9836536368d597edc5be,b63db3359cdc9836536368d597edc5be,b63db3359cdc9836536368d597edc5be,b63db3359cdc9836536368d597edc5be
/image/Last-D.gif,4c55a49889e8a140d0b401cb739df1ff,4c55a49889e8a140d0b401cb739df1ff,4c55a49889e8a140d0b401cb739df1ff,4c55a49889e8a140d0b401cb739df1ff,4c55a49889e8a140d0b401cb739df1ff
/image/Next-D.gif,51685ba95674630f478d0d27a0765902,51685ba95674630f478d0d27a0765902,51685ba95674630f478d0d27a0765902,51685ba95674630f478d0d27a0765902,51685ba95674630f478d0d27a0765902
/help/EN_help/images/faq_16x.gif,c3a94b55779030152b085a9b71555be9,c3a94b55779030152b085a9b71555be9,c3a94b55779030152b085a9b71555be9,c3a94b55779030152b085a9b71555be9,c3a94b55779030152b085a9b71555be9
/help/EN_help/ftiens4.js,a02743849afbc7ef8b3653bc1cf2ac1d,a02743849afbc7ef8b3653bc1cf2ac1d,a02743849afbc7ef8b3653bc1cf2ac1d,a02743849afbc7ef8b3653bc1cf2ac1d,a02743849afbc7ef8b3653bc1cf2ac1d
/image/WFA_WPS_Solo1.gif,70ac5739db3972a54281fb594c6faf3b,70ac5739db3972a54281fb594c6faf3b,70ac5739db3972a54281fb594c6faf3b,70ac5739db3972a54281fb594c6faf3b,70ac5739db3972a54281fb594c6faf3b
/help/EN_help/images/NavPaneGripperT_V.gif,f36457d4f5cd21a5127247167503ea7a,f36457d4f5cd21a5127247167503ea7a,f36457d4f5cd21a5127247167503ea7a,f36457d4f5cd21a5127247167503ea7a,f36457d4f5cd21a5127247167503ea7a
/help/EN_help/images/open_new_win16.gif,ca83a7079c9b2bf2a0778d3bc9cacf5e,ca83a7079c9b2bf2a0778d3bc9cacf5e,ca83a7079c9b2bf2a0778d3bc9cacf5e,ca83a7079c9b2bf2a0778d3bc9cacf5e,ca83a7079c9b2bf2a0778d3bc9cacf5e
/image/BT_DOWN_DISABLE.gif,7fdba5570a60b762ac8c1b9416a91bb8,7fdba5570a60b762ac8c1b9416a91bb8,7fdba5570a60b762ac8c1b9416a91bb8,7fdba5570a60b762ac8c1b9416a91bb8,7fdba5570a60b762ac8c1b9416a91bb8
/image/barchart.png,87b917b936531df7c4d04e0c4219ddde,87b917b936531df7c4d04e0c4219ddde,87b917b936531df7c4d04e0c4219ddde,87b917b936531df7c4d04e0c4219ddde,87b917b936531df7c4d04e0c4219ddde
/image/Green_Item.gif,404,404,404,8b3015a8cdf7b410cbf18387f1c7794f,8b3015a8cdf7b410cbf18387f1c7794f
/image/BT_Hover.jpg,d1cca50d105b57215ed221014111588c,d1cca50d105b57215ed221014111588c,d1cca50d105b57215ed221014111588c,d1cca50d105b57215ed221014111588c,d1cca50d105b57215ed221014111588c
/help/EN_help/images/toolbarGradient3px28.gif,0b0b502d25ac92226c7b587ffc165793,0b0b502d25ac92226c7b587ffc165793,0b0b502d25ac92226c7b587ffc165793,0b0b502d25ac92226c7b587ffc165793,0b0b502d25ac92226c7b587ffc165793
/func.js,c4cfc2e05519258880cd5980953369cc,c4cfc2e05519258880cd5980953369cc,c4cfc2e05519258880cd5980953369cc,c4cfc2e05519258880cd5980953369cc,c4cfc2e05519258880cd5980953369cc
/image/show1.gif,33032320e9246888be7c89543ae89933,33032320e9246888be7c89543ae89933,33032320e9246888be7c89543ae89933,33032320e9246888be7c89543ae89933,33032320e9246888be7c89543ae89933
/image/BT_Normal_DOWN.jpg,5b05b5fa9311c6ae72eb3cd211236051,5b05b5fa9311c6ae72eb3cd211236051,5b05b5fa9311c6ae72eb3cd211236051,5b05b5fa9311c6ae72eb3cd211236051,5b05b5fa9311c6ae72eb3cd211236051
/help/EN_help/toc_utils.js,f4feb1c020152debc4099f4ab04e6ef0,f4feb1c020152debc4099f4ab04e6ef0,f4feb1c020152debc4099f4ab04e6ef0,f4feb1c020152debc4099f4ab04e6ef0,f4feb1c020152debc4099f4ab04e6ef0
/help/EN_help/indexList.js,d41d8cd98f00b204e9800998ecf8427e,d41d8cd98f00b204e9800998ecf8427e,d41d8cd98f00b204e9800998ecf8427e,d41d8cd98f00b204e9800998ecf8427e,d41d8cd98f00b204e9800998ecf8427e
/image/routerImage.png,70f03230b9137800f78d75b8a6f2d7b4,70f03230b9137800f78d75b8a6f2d7b4,70f03230b9137800f78d75b8a6f2d7b4,70f03230b9137800f78d75b8a6f2d7b4,70f03230b9137800f78d75b8a6f2d7b4
/help/EN_help/cues_taglib.js,2b7a8dc28087494d1cc92247e0e0abaf,2b7a8dc28087494d1cc92247e0e0abaf,2b7a8dc28087494d1cc92247e0e0abaf,2b7a8dc28087494d1cc92247e0e0abaf,2b7a8dc28087494d1cc92247e0e0abaf
/image/table-sort-ascend.gif,c58f093293b4b817713b3593f871f575,c58f093293b4b817713b3593f871f575,c58f093293b4b817713b3593f871f575,c58f093293b4b817713b3593f871f575,c58f093293b4b817713b3593f871f575
/image/none.gif,404,404,404,ae8ed2162939bcbc8cd0bf0126d86a8d,ae8ed2162939bcbc8cd0bf0126d86a8d
/help/EN_help/page.js,fc479c1eeb3e917728b820727d16b577,fc479c1eeb3e917728b820727d16b577,fc479c1eeb3e917728b820727d16b577,fc479c1eeb3e917728b820727d16b577,fc479c1eeb3e917728b820727d16b577
/style.css,b43adf6b1f35289626010f6e43209c04,d04b41f23881875c22a1dd8174fa29ea,d04b41f23881875c22a1dd8174fa29ea,dcc9960554fd463d23f93fff26504801,dcc9960554fd463d23f93fff26504801
/image/Status_success_icon.png,8160d35301bf62f9c5598dbc01063fc1,8160d35301bf62f9c5598dbc01063fc1,8160d35301bf62f9c5598dbc01063fc1,8160d35301bf62f9c5598dbc01063fc1,8160d35301bf62f9c5598dbc01063fc1
/help/EN_help/images/pageBackground.jpg,43799f121abd219a50dbe0dd6b14cf79,43799f121abd219a50dbe0dd6b14cf79,43799f121abd219a50dbe0dd6b14cf79,43799f121abd219a50dbe0dd6b14cf79,43799f121abd219a50dbe0dd6b14cf79
/help/EN_help/images/ftv2folderclosed.gif,1b2359fe625e5806817fe870277bb0c9,1b2359fe625e5806817fe870277bb0c9,1b2359fe625e5806817fe870277bb0c9,1b2359fe625e5806817fe870277bb0c9,1b2359fe625e5806817fe870277bb0c9
/image/show.gif,3e1187b4fdfc14314b30e95eca20a894,3e1187b4fdfc14314b30e95eca20a894,3e1187b4fdfc14314b30e95eca20a894,3e1187b4fdfc14314b30e95eca20a894,3e1187b4fdfc14314b30e95eca20a894
/image/ProgressBar_indeterminate.gif,5eededc80e5eaff559150710d19b4f5e,5eededc80e5eaff559150710d19b4f5e,5eededc80e5eaff559150710d19b4f5e,5eededc80e5eaff559150710d19b4f5e,5eededc80e5eaff559150710d19b4f5e
/image/wbg.png,b50e565a28c1e315b01efeede97dca1f,b50e565a28c1e315b01efeede97dca1f,b50e565a28c1e315b01efeede97dca1f,b50e565a28c1e315b01efeede97dca1f,b50e565a28c1e315b01efeede97dca1f
/help/EN_help/images/pdf.png,c85041f1d916ed0432469312f31f491d,404,404,404,404
/image/WFA_WPS_Solo2.gif,b0a97ce03cd787a493f0ac112dd0a476,b0a97ce03cd787a493f0ac112dd0a476,b0a97ce03cd787a493f0ac112dd0a476,b0a97ce03cd787a493f0ac112dd0a476,b0a97ce03cd787a493f0ac112dd0a476
/pngfix.js,d04b7811db331fa16f640a6181316dda,d04b7811db331fa16f640a6181316dda,d04b7811db331fa16f640a6181316dda,d04b7811db331fa16f640a6181316dda,d04b7811db331fa16f640a6181316dda
/image/RequiredFieldT.gif,801f419c5edfdde2c34601e3a78d4aa5,801f419c5edfdde2c34601e3a78d4aa5,801f419c5edfdde2c34601e3a78d4aa5,801f419c5edfdde2c34601e3a78d4aa5,801f419c5edfdde2c34601e3a78d4aa5
/image/statusbar_end.gif,ede29f9a7bd6e1aae44f54fa6ec2cc86,ede29f9a7bd6e1aae44f54fa6ec2cc86,ede29f9a7bd6e1aae44f54fa6ec2cc86,ede29f9a7bd6e1aae44f54fa6ec2cc86,ede29f9a7bd6e1aae44f54fa6ec2cc86
/image/BT_S_OFF_1.gif,65dda7c4a370532b61a0a0136e7c5a19,65dda7c4a370532b61a0a0136e7c5a19,65dda7c4a370532b61a0a0136e7c5a19,65dda7c4a370532b61a0a0136e7c5a19,65dda7c4a370532b61a0a0136e7c5a19
/help/EN_help/images/search_1068_16.gif,714152855e351b4a54fddc5973823d2c,714152855e351b4a54fddc5973823d2c,714152855e351b4a54fddc5973823d2c,714152855e351b4a54fddc5973823d2c,714152855e351b4a54fddc5973823d2c
/image/BT_S_ON_1.gif,711def0ef1ecaca8ea6da0a50ee4184e,711def0ef1ecaca8ea6da0a50ee4184e,711def0ef1ecaca8ea6da0a50ee4184e,711def0ef1ecaca8ea6da0a50ee4184e,711def0ef1ecaca8ea6da0a50ee4184e
/image/cisco_logo_header.png,bbc7917ac8d50e9a49468d33e3187ab9,bbc7917ac8d50e9a49468d33e3187ab9,bbc7917ac8d50e9a49468d33e3187ab9,bbc7917ac8d50e9a49468d33e3187ab9,bbc7917ac8d50e9a49468d33e3187ab9
/help/EN_help/ua.js,b44c1851ef45c6153eb691bbf692f2bd,cd7d162e249e1f9376054d5542516142,cd7d162e249e1f9376054d5542516142,117a79b8fa2fdb1a10ac4c2fdd3cd5c3,117a79b8fa2fdb1a10ac4c2fdd3cd5c3
/image/showHover.gif,5394879d175cab92d1632b26312ad75c,5394879d175cab92d1632b26312ad75c,5394879d175cab92d1632b26312ad75c,5394879d175cab92d1632b26312ad75c,5394879d175cab92d1632b26312ad75c
/help/EN_help/indexsch.js,d41d8cd98f00b204e9800998ecf8427e,d41d8cd98f00b204e9800998ecf8427e,d41d8cd98f00b204e9800998ecf8427e,d41d8cd98f00b204e9800998ecf8427e,d41d8cd98f00b204e9800998ecf8427e
/image/acknowledge.png,24772d3b747a9fe501dcf572bb9d886b,24772d3b747a9fe501dcf572bb9d886b,24772d3b747a9fe501dcf572bb9d886b,24772d3b747a9fe501dcf572bb9d886b,24772d3b747a9fe501dcf572bb9d886b
/help/EN_help/images/toolbar_button_tile28px.gif,a2c52a8bb909abaa4f71157d632559d8,a2c52a8bb909abaa4f71157d632559d8,a2c52a8bb909abaa4f71157d632559d8,a2c52a8bb909abaa4f71157d632559d8,a2c52a8bb909abaa4f71157d632559d8
/image/Router.jpg,89327285744dedfba432e41778813116,89327285744dedfba432e41778813116,89327285744dedfba432e41778813116,89327285744dedfba432e41778813116,89327285744dedfba432e41778813116
/image/inProgress.gif,25c9091ca021843edcc6afed30cd8c70,25c9091ca021843edcc6afed30cd8c70,25c9091ca021843edcc6afed30cd8c70,25c9091ca021843edcc6afed30cd8c70,25c9091ca021843edcc6afed30cd8c70
/image/Cisco_Logo_RGB_67x40-black.png,a5c82c1ee67003baa48be62e4f62348c,a5c82c1ee67003baa48be62e4f62348c,a5c82c1ee67003baa48be62e4f62348c,a5c82c1ee67003baa48be62e4f62348c,a5c82c1ee67003baa48be62e4f62348c
/image/pg.jpg,b7280376c87c9addfd839cff57c9522c,b7280376c87c9addfd839cff57c9522c,b7280376c87c9addfd839cff57c9522c,b7280376c87c9addfd839cff57c9522c,b7280376c87c9addfd839cff57c9522c
/image/wizardHelp.png,7cb72f14d9e0cd60f945306657217d2e,7cb72f14d9e0cd60f945306657217d2e,7cb72f14d9e0cd60f945306657217d2e,7cb72f14d9e0cd60f945306657217d2e,7cb72f14d9e0cd60f945306657217d2e
/help/EN_help/cues_fonts.js,6f018f0c79fead6fba8a1b380da34b65,6f018f0c79fead6fba8a1b380da34b65,6f018f0c79fead6fba8a1b380da34b65,6f018f0c79fead6fba8a1b380da34b65,6f018f0c79fead6fba8a1b380da34b65
/image/BT_Press_DOWN.jpg,9653e3e146e0dc44f40bad374f121791,9653e3e146e0dc44f40bad374f121791,9653e3e146e0dc44f40bad374f121791,9653e3e146e0dc44f40bad374f121791,9653e3e146e0dc44f40bad374f121791
/image/table-sort-descend.gif,abe14fdb90c1eb65973c65f984db5bdb,abe14fdb90c1eb65973c65f984db5bdb,abe14fdb90c1eb65973c65f984db5bdb,abe14fdb90c1eb65973c65f984db5bdb,abe14fdb90c1eb65973c65f984db5bdb
/help/EN_help/cues_drawn.js,d0003cca97ca10cd6a458207db37212b,d0003cca97ca10cd6a458207db37212b,d0003cca97ca10cd6a458207db37212b,d0003cca97ca10cd6a458207db37212b,d0003cca97ca10cd6a458207db37212b
/image/alert_critical.png,bab72da7ac8bac103d74adab8b278fef,bab72da7ac8bac103d74adab8b278fef,bab72da7ac8bac103d74adab8b278fef,bab72da7ac8bac103d74adab8b278fef,bab72da7ac8bac103d74adab8b278fef
/image/top.png,56eb65809a313a85e79a052bfc4da28c,56eb65809a313a85e79a052bfc4da28c,56eb65809a313a85e79a052bfc4da28c,56eb65809a313a85e79a052bfc4da28c,56eb65809a313a85e79a052bfc4da28c
/help/EN_help/images/toolbarButtonDownRight28px.gif,0a47133b25e941fa2644486d0aef0921,0a47133b25e941fa2644486d0aef0921,0a47133b25e941fa2644486d0aef0921,0a47133b25e941fa2644486d0aef0921,0a47133b25e941fa2644486d0aef0921
/image/WFA_WPS_success.jpg,5afc6c09275c7c543862dbd30e6b17f6,5afc6c09275c7c543862dbd30e6b17f6,5afc6c09275c7c543862dbd30e6b17f6,5afc6c09275c7c543862dbd30e6b17f6,5afc6c09275c7c543862dbd30e6b17f6
/image/BT_Normal.jpg,f7e2aba71fcbeea6c68cb18365d33448,f7e2aba71fcbeea6c68cb18365d33448,f7e2aba71fcbeea6c68cb18365d33448,f7e2aba71fcbeea6c68cb18365d33448,f7e2aba71fcbeea6c68cb18365d33448
/image/ContextMessageArrow_DownT.gif,17441f6e8d17a0b64de2d540db279f71,17441f6e8d17a0b64de2d540db279f71,17441f6e8d17a0b64de2d540db279f71,17441f6e8d17a0b64de2d540db279f71,17441f6e8d17a0b64de2d540db279f71
/help/EN_help/cues_taglib_layout.js,0c3ad41fed9788c7ca5c932abf5ad4fe,0c3ad41fed9788c7ca5c932abf5ad4fe,0c3ad41fed9788c7ca5c932abf5ad4fe,0c3ad41fed9788c7ca5c932abf5ad4fe,0c3ad41fed9788c7ca5c932abf5ad4fe
/image/upgrade_cisco.gif,12f03d42fcfb3c05344d0a5ad0904cf5,12f03d42fcfb3c05344d0a5ad0904cf5,12f03d42fcfb3c05344d0a5ad0904cf5,12f03d42fcfb3c05344d0a5ad0904cf5,12f03d42fcfb3c05344d0a5ad0904cf5
/image/WFA_WPS_fail.jpg,1fa004515bdc674b76b2242d5ff96e07,1fa004515bdc674b76b2242d5ff96e07,1fa004515bdc674b76b2242d5ff96e07,1fa004515bdc674b76b2242d5ff96e07,1fa004515bdc674b76b2242d5ff96e07
/image/BT_Normal_UP.jpg,0902d4b5e58fa0784d9c355ee9b281b9,0902d4b5e58fa0784d9c355ee9b281b9,0902d4b5e58fa0784d9c355ee9b281b9,0902d4b5e58fa0784d9c355ee9b281b9,0902d4b5e58fa0784d9c355ee9b281b9
/image/msgIconSuccess.png,41afde7efde62553f39f2c9ecdbc1d46,41afde7efde62553f39f2c9ecdbc1d46,41afde7efde62553f39f2c9ecdbc1d46,41afde7efde62553f39f2c9ecdbc1d46,41afde7efde62553f39f2c9ecdbc1d46
/help/EN_help/images/vertline.gif,f432b857ecaec8fc0b253408831fbf3c,f432b857ecaec8fc0b253408831fbf3c,f432b857ecaec8fc0b253408831fbf3c,f432b857ecaec8fc0b253408831fbf3c,f432b857ecaec8fc0b253408831fbf3c
/help/EN_help/images/back_1082_16.gif,08f83c9b7050bea224b116c50573a662,08f83c9b7050bea224b116c50573a662,08f83c9b7050bea224b116c50573a662,08f83c9b7050bea224b116c50573a662,08f83c9b7050bea224b116c50573a662
/lang_pack/EN_SPELL.js,61b43ad1c04ec8ed82373892094fe406,f3e52c344e131175c3791d7d33cc80e8,f3e52c344e131175c3791d7d33cc80e8,c58124638d98ae27002362c72c3866b7,c58124638d98ae27002362c72c3866b7
/image/left-1.png,d10ab8e7e52eb563250ddd9b6825eafa,d10ab8e7e52eb563250ddd9b6825eafa,d10ab8e7e52eb563250ddd9b6825eafa,d10ab8e7e52eb563250ddd9b6825eafa,d10ab8e7e52eb563250ddd9b6825eafa
/image/sbbu_router.gif,c048e30e7c57e648a3772b01f416530f,c048e30e7c57e648a3772b01f416530f,c048e30e7c57e648a3772b01f416530f,c048e30e7c57e648a3772b01f416530f,c048e30e7c57e648a3772b01f416530f
/image/showHover1.gif,78d1aa509b9f86d10fe288fea2e9811b,78d1aa509b9f86d10fe288fea2e9811b,78d1aa509b9f86d10fe288fea2e9811b,78d1aa509b9f86d10fe288fea2e9811b,78d1aa509b9f86d10fe288fea2e9811b
/help/EN_help/images/toolbar_button_right28px.gif,b47a5b90c9756152f0e42271e48544a2,b47a5b90c9756152f0e42271e48544a2,b47a5b90c9756152f0e42271e48544a2,b47a5b90c9756152f0e42271e48544a2,b47a5b90c9756152f0e42271e48544a2
/imgfix.css,6191d1513339fb73f0bd234a57325e3f,6191d1513339fb73f0bd234a57325e3f,6191d1513339fb73f0bd234a57325e3f,6191d1513339fb73f0bd234a57325e3f,6191d1513339fb73f0bd234a57325e3f
/image/save_0019_16.png,b0cdbf3dfac807be07895c9c51da75ec,b0cdbf3dfac807be07895c9c51da75ec,b0cdbf3dfac807be07895c9c51da75ec,b0cdbf3dfac807be07895c9c51da75ec,b0cdbf3dfac807be07895c9c51da75ec
/image/wizard_bg.png,6ce1405ab9eabe22c7b5f5e1fc326422,6ce1405ab9eabe22c7b5f5e1fc326422,6ce1405ab9eabe22c7b5f5e1fc326422,6ce1405ab9eabe22c7b5f5e1fc326422,6ce1405ab9eabe22c7b5f5e1fc326422
/help/EN_help/images/239120.jpg,c7e6002b32d49e45ad86a9c2fa6e9a8f,404,404,404,404
/image/left-3.png,1335e5f60d67316a572b65d09af25266,1335e5f60d67316a572b65d09af25266,1335e5f60d67316a572b65d09af25266,1335e5f60d67316a572b65d09af25266,1335e5f60d67316a572b65d09af25266
/image/First.gif,ed3a0117950901440a9d7d5699e367be,ed3a0117950901440a9d7d5699e367be,ed3a0117950901440a9d7d5699e367be,ed3a0117950901440a9d7d5699e367be,ed3a0117950901440a9d7d5699e367be
/image/login_progress.gif,6af67ccd1474ffa68ceea921646829ee,6af67ccd1474ffa68ceea921646829ee,6af67ccd1474ffa68ceea921646829ee,6af67ccd1474ffa68ceea921646829ee,6af67ccd1474ffa68ceea921646829ee
/help/EN_help/tocNodes.js,a720565182741ef5763f7ab1a739e957,3ef03a153d245069a86b57163476b03c,3ef03a153d245069a86b57163476b03c,3ef03a153d245069a86b57163476b03c,3ef03a153d245069a86b57163476b03c
/help/EN_help/document.css,99fb19b04c9b2ebb4601795e80c8c5de,99fb19b04c9b2ebb4601795e80c8c5de,99fb19b04c9b2ebb4601795e80c8c5de,99fb19b04c9b2ebb4601795e80c8c5de,99fb19b04c9b2ebb4601795e80c8c5de
/help/EN_help/images/ftv2folderopen.gif,680adb3d8dc5059ede90ac31007321e3,680adb3d8dc5059ede90ac31007321e3,680adb3d8dc5059ede90ac31007321e3,680adb3d8dc5059ede90ac31007321e3,680adb3d8dc5059ede90ac31007321e3
/help/EN_help/images/collapse.gif,bb78871229463b3f03b0c308dc3f3965,bb78871229463b3f03b0c308dc3f3965,bb78871229463b3f03b0c308dc3f3965,bb78871229463b3f03b0c308dc3f3965,bb78871229463b3f03b0c308dc3f3965
/help/EN_help/cues_taglib.css,5ba70f0038e3c8843b424bc669aebe5d,5ba70f0038e3c8843b424bc669aebe5d,5ba70f0038e3c8843b424bc669aebe5d,5ba70f0038e3c8843b424bc669aebe5d,5ba70f0038e3c8843b424bc669aebe5d
/help/EN_help/presearch_code.js,93e7033492dcecd9c72b6c94573ed720,93e7033492dcecd9c72b6c94573ed720,93e7033492dcecd9c72b6c94573ed720,93e7033492dcecd9c72b6c94573ed720,93e7033492dcecd9c72b6c94573ed720
/help/EN_help/searchcode.js,ca8b609d98778b2e4d75ec5a3e2e142e,ca8b609d98778b2e4d75ec5a3e2e142e,ca8b609d98778b2e4d75ec5a3e2e142e,ca8b609d98778b2e4d75ec5a3e2e142e,ca8b609d98778b2e4d75ec5a3e2e142e
/image/Previous-D.gif,edabe0f00e1a1db8d2a4218740446a26,edabe0f00e1a1db8d2a4218740446a26,edabe0f00e1a1db8d2a4218740446a26,edabe0f00e1a1db8d2a4218740446a26,edabe0f00e1a1db8d2a4218740446a26
/help/EN_help/images/toolbar_button_left28px.gif,68b3a4717a035e51d3155abccd5252f2,68b3a4717a035e51d3155abccd5252f2,68b3a4717a035e51d3155abccd5252f2,68b3a4717a035e51d3155abccd5252f2,68b3a4717a035e51d3155abccd5252f2
/image/iconDownArrowRed.gif,1924ae9306be3df403479720518471a1,1924ae9306be3df403479720518471a1,1924ae9306be3df403479720518471a1,1924ae9306be3df403479720518471a1,1924ae9306be3df403479720518471a1
/help/EN_help/expand.js,da998ccb406eb399f41a77504027492b,da998ccb406eb399f41a77504027492b,da998ccb406eb399f41a77504027492b,da998ccb406eb399f41a77504027492b,da998ccb406eb399f41a77504027492b
/image/BT_Hover_DOWN.jpg,d607a1da5433927862a8d653a29e3aac,d607a1da5433927862a8d653a29e3aac,d607a1da5433927862a8d653a29e3aac,d607a1da5433927862a8d653a29e3aac,d607a1da5433927862a8d653a29e3aac
/image/BT_Press.jpg,434c0568db97d699f789969c478b9a17,434c0568db97d699f789969c478b9a17,434c0568db97d699f789969c478b9a17,434c0568db97d699f789969c478b9a17,434c0568db97d699f789969c478b9a17
/image/wbg2.png,78eb915d5969cff6306c8954338d219c,78eb915d5969cff6306c8954338d219c,78eb915d5969cff6306c8954338d219c,78eb915d5969cff6306c8954338d219c,78eb915d5969cff6306c8954338d219c
/image/BT_Press_UP.jpg,e81481c9e50354dbda3eaee0fa59dce0,e81481c9e50354dbda3eaee0fa59dce0,e81481c9e50354dbda3eaee0fa59dce0,e81481c9e50354dbda3eaee0fa59dce0,e81481c9e50354dbda3eaee0fa59dce0
/image/cisco_logo_about.png,3e36917636c794b436753a9c212f9140,3e36917636c794b436753a9c212f9140,3e36917636c794b436753a9c212f9140,3e36917636c794b436753a9c212f9140,3e36917636c794b436753a9c212f9140
/help/EN_help/images/toolbarButtonDownTile28px.gif,91d1c4b462b87336caae9ea79749da60,91d1c4b462b87336caae9ea79749da60,91d1c4b462b87336caae9ea79749da60,91d1c4b462b87336caae9ea79749da60,91d1c4b462b87336caae9ea79749da60
/help/EN_help/images/toolbarButtonDownLeft28px.gif,960f18ad07d9832ac9512cdd93b89935,960f18ad07d9832ac9512cdd93b89935,960f18ad07d9832ac9512cdd93b89935,960f18ad07d9832ac9512cdd93b89935,960f18ad07d9832ac9512cdd93b89935
/image/ToolbarMain.png,8729f64800046340a397298f3d43b47e,8729f64800046340a397298f3d43b47e,8729f64800046340a397298f3d43b47e,8729f64800046340a397298f3d43b47e,8729f64800046340a397298f3d43b47e
/define.js,d256f887bfa646277ed9e73900d635de,97116bdbb5b46aa7a52275d5ab216198,97116bdbb5b46aa7a52275d5ab216198,86dd091d71699da2518bfc790ec5941f,86dd091d71699da2518bfc790ec5941f
/image/Last.gif,f8b2ce1f547bb15b7d4602577f7c4501,f8b2ce1f547bb15b7d4602577f7c4501,f8b2ce1f547bb15b7d4602577f7c4501,f8b2ce1f547bb15b7d4602577f7c4501,f8b2ce1f547bb15b7d4602577f7c4501
/image/Next.gif,ed6e2ba5cf804f8a78b9e8c5302b182e,ed6e2ba5cf804f8a78b9e8c5302b182e,ed6e2ba5cf804f8a78b9e8c5302b182e,ed6e2ba5cf804f8a78b9e8c5302b182e,ed6e2ba5cf804f8a78b9e8c5302b182e
/image/Previous.gif,49f1550c6a4f2665fbefb6171d921a0a,49f1550c6a4f2665fbefb6171d921a0a,49f1550c6a4f2665fbefb6171d921a0a,49f1550c6a4f2665fbefb6171d921a0a,49f1550c6a4f2665fbefb6171d921a0a
/image/Status_ciriticalerror_icon.png,160303d0cdc4e47d63637c24eefa4566,160303d0cdc4e47d63637c24eefa4566,160303d0cdc4e47d63637c24eefa4566,160303d0cdc4e47d63637c24eefa4566,160303d0cdc4e47d63637c24eefa4566
/image/WFA_WPS_Solo.gif,080d1c52e0ce60323670b9166508bbf9,080d1c52e0ce60323670b9166508bbf9,080d1c52e0ce60323670b9166508bbf9,080d1c52e0ce60323670b9166508bbf9,080d1c52e0ce60323670b9166508bbf9
/image/ContextMessageArrow_LeftT.gif,56d89f558f2d57fb2939b12f5f0c786f,56d89f558f2d57fb2939b12f5f0c786f,56d89f558f2d57fb2939b12f5f0c786f,56d89f558f2d57fb2939b12f5f0c786f,56d89f558f2d57fb2939b12f5f0c786f
/help/EN_help/bdetect.js,bf45e77361b51f2562e13aa3c053c1a3,bf45e77361b51f2562e13aa3c053c1a3,bf45e77361b51f2562e13aa3c053c1a3,bf45e77361b51f2562e13aa3c053c1a3,bf45e77361b51f2562e13aa3c053c1a3
/image/BT_Hover_UP.jpg,ba75812b93587eaa2b61b48624a03eaa,ba75812b93587eaa2b61b48624a03eaa,ba75812b93587eaa2b61b48624a03eaa,ba75812b93587eaa2b61b48624a03eaa,ba75812b93587eaa2b61b48624a03eaa
/base64.js,d88e5d62ae61368cfaaab9de32a88f38,d88e5d62ae61368cfaaab9de32a88f38,d88e5d62ae61368cfaaab9de32a88f38,d88e5d62ae61368cfaaab9de32a88f38,d88e5d62ae61368cfaaab9de32a88f38
/P.js,e182011278d75e188124f587229c4edd,e182011278d75e188124f587229c4edd,e182011278d75e188124f587229c4edd,e182011278d75e188124f587229c4edd,e182011278d75e188124f587229c4edd
/help/EN_help/images/239121.jpg,6d2638fe6788c28e199aa0d0c497399e,404,404,404,404
/image/drawerTriangleCollapsedT.gif,f39799826dfef4fe94a88437a0fbe517,f39799826dfef4fe94a88437a0fbe517,f39799826dfef4fe94a88437a0fbe517,f39799826dfef4fe94a88437a0fbe517,f39799826dfef4fe94a88437a0fbe517
/image/progressbar0.jpg,8bb5632506f78250b19878a00c36edad,8bb5632506f78250b19878a00c36edad,8bb5632506f78250b19878a00c36edad,8bb5632506f78250b19878a00c36edad,8bb5632506f78250b19878a00c36edad
/image/router.gif,d37efc568b2ef37eaf353c218bcdc816,d37efc568b2ef37eaf353c218bcdc816,d37efc568b2ef37eaf353c218bcdc816,d37efc568b2ef37eaf353c218bcdc816,d37efc568b2ef37eaf353c218bcdc816
/image/Status_warning_icon.gif,de920f7e594bfcf072d28f7c6c23b14e,de920f7e594bfcf072d28f7c6c23b14e,de920f7e594bfcf072d28f7c6c23b14e,de920f7e594bfcf072d28f7c6c23b14e,de920f7e594bfcf072d28f7c6c23b14e
/wizard/style.css,05fcbe378168e70049617165f65d169c,05fcbe378168e70049617165f65d169c,05fcbe378168e70049617165f65d169c,05fcbe378168e70049617165f65d169c,05fcbe378168e70049617165f65d169c
/image/routerPortOn.gif,dbd1d7a0f448ec5d8e1f5af2ecded74b,dbd1d7a0f448ec5d8e1f5af2ecded74b,dbd1d7a0f448ec5d8e1f5af2ecded74b,dbd1d7a0f448ec5d8e1f5af2ecded74b,dbd1d7a0f448ec5d8e1f5af2ecded74b
/image/Status_information_icon.png,53782034cbda95cf4a6c67b15e2ea073,53782034cbda95cf4a6c67b15e2ea073,53782034cbda95cf4a6c67b15e2ea073,53782034cbda95cf4a6c67b15e2ea073,53782034cbda95cf4a6c67b15e2ea073
/help/EN_help/style.css,b86bbee8e9b9ada70d65c33d57397bcc,b86bbee8e9b9ada70d65c33d57397bcc,b86bbee8e9b9ada70d65c33d57397bcc,b86bbee8e9b9ada70d65c33d57397bcc,b86bbee8e9b9ada70d65c33d57397bcc
/image/left-2.png,ff3da8c800810c76948ec8ea31a21a2e,ff3da8c800810c76948ec8ea31a21a2e,ff3da8c800810c76948ec8ea31a21a2e,ff3da8c800810c76948ec8ea31a21a2e,ff3da8c800810c76948ec8ea31a21a2e
/image/alert_critical_24.png,2e6cd692baf1d6a4d5aaec0c41d5b543,2e6cd692baf1d6a4d5aaec0c41d5b543,2e6cd692baf1d6a4d5aaec0c41d5b543,2e6cd692baf1d6a4d5aaec0c41d5b543,2e6cd692baf1d6a4d5aaec0c41d5b543
/help/EN_help/images/expanded.gif,f1a35adfc3b006fb9be599e929320db0,f1a35adfc3b006fb9be599e929320db0,f1a35adfc3b006fb9be599e929320db0,f1a35adfc3b006fb9be599e929320db0,f1a35adfc3b006fb9be599e929320db0
/help/EN_help/images/ftv2doc.gif,2312eb9034a4a1470b41c855d8695d24,2312eb9034a4a1470b41c855d8695d24,2312eb9034a4a1470b41c855d8695d24,2312eb9034a4a1470b41c855d8695d24,2312eb9034a4a1470b41c855d8695d24
/help/EN_help/images/toolbarButtonDownTile.gif,2bdf91ac2720685949bbd8dc33839f31,2bdf91ac2720685949bbd8dc33839f31,2bdf91ac2720685949bbd8dc33839f31,2bdf91ac2720685949bbd8dc33839f31,2bdf91ac2720685949bbd8dc33839f31
/image/Status_criticalerror_icon.gif,096c7ceeebda0e15b5596f5801d1f8e8,096c7ceeebda0e15b5596f5801d1f8e8,096c7ceeebda0e15b5596f5801d1f8e8,096c7ceeebda0e15b5596f5801d1f8e8,096c7ceeebda0e15b5596f5801d1f8e8
/help/EN_help/images/ftv2blank.gif,60ce59251c7cb9c49ef520d856c587f6,60ce59251c7cb9c49ef520d856c587f6,60ce59251c7cb9c49ef520d856c587f6,60ce59251c7cb9c49ef520d856c587f6,60ce59251c7cb9c49ef520d856c587f6
/wizard/wizard_style.css,c7ad7fc2fd059eabeda4175c365e06b5,c7ad7fc2fd059eabeda4175c365e06b5,c7ad7fc2fd059eabeda4175c365e06b5,262af38eb3428123ee150c55e758d7a3,262af38eb3428123ee150c55e758d7a3
/help/EN_help/con_utils.js,fce0028785bf49f4f7e983bd82f4ff7b,fce0028785bf49f4f7e983bd82f4ff7b,fce0028785bf49f4f7e983bd82f4ff7b,fce0028785bf49f4f7e983bd82f4ff7b,fce0028785bf49f4f7e983bd82f4ff7b
/image/drawerTriangleOpen_Selected.png,dac97c3dd6cb911d7c4470e82d7b03d4,dac97c3dd6cb911d7c4470e82d7b03d4,dac97c3dd6cb911d7c4470e82d7b03d4,dac97c3dd6cb911d7c4470e82d7b03d4,dac97c3dd6cb911d7c4470e82d7b03d4
/help/EN_help/images/glossary_1060_16.gif,cb7a83119d308bd4893008f983fcfa5e,cb7a83119d308bd4893008f983fcfa5e,cb7a83119d308bd4893008f983fcfa5e,cb7a83119d308bd4893008f983fcfa5e,cb7a83119d308bd4893008f983fcfa5e
/image/printer.png,c9fcd7f0195173c536a53c82202b341f,c9fcd7f0195173c536a53c82202b341f,c9fcd7f0195173c536a53c82202b341f,c9fcd7f0195173c536a53c82202b341f,c9fcd7f0195173c536a53c82202b341f
/image/First-D.gif,4445901917a63ed0d07fba18a026102a,4445901917a63ed0d07fba18a026102a,4445901917a63ed0d07fba18a026102a,4445901917a63ed0d07fba18a026102a,4445901917a63ed0d07fba18a026102a
/help/EN_help/config.js,fa65d9b140b768ffe134a733d0ffbf1b,077e692fae2e82b9b98dc20251b670b6,077e692fae2e82b9b98dc20251b670b6,077e692fae2e82b9b98dc20251b670b6,077e692fae2e82b9b98dc20251b670b6
/image/small_bg.jpg,92c1da3a37cc32724a5f38194e6d4b67,92c1da3a37cc32724a5f38194e6d4b67,92c1da3a37cc32724a5f38194e6d4b67,92c1da3a37cc32724a5f38194e6d4b67,92c1da3a37cc32724a5f38194e6d4b67
/image/BT_UP_DISABLE.gif,20682d92aa8ae1689750d183fecb98b8,20682d92aa8ae1689750d183fecb98b8,20682d92aa8ae1689750d183fecb98b8,20682d92aa8ae1689750d183fecb98b8,20682d92aa8ae1689750d183fecb98b8
/help/EN_help/images/sblank.gif,feab12fd4e579b8d43f20c449fc9095b,feab12fd4e579b8d43f20c449fc9095b,feab12fd4e579b8d43f20c449fc9095b,feab12fd4e579b8d43f20c449fc9095b,feab12fd4e579b8d43f20c449fc9095b
/help/EN_help/images/forward_1083_16.gif,ff3d7c0e7ff9de004cece9b04b66f8fc,ff3d7c0e7ff9de004cece9b04b66f8fc,ff3d7c0e7ff9de004cece9b04b66f8fc,ff3d7c0e7ff9de004cece9b04b66f8fc,ff3d7c0e7ff9de004cece9b04b66f8fc
