,_DIR-815_FIRMWARE_1.01.ZIP.extracted,_DIR-815_FIRMWARE_1.02.ZIP.extracted,_DIR-815_FIRMWARE_1.04.B02.ZIP.extracted,_DIR-815_REVA_FIRMWARE_1.04.B03.ZIP.extracted,_DIR-815_REVB_FIRMWARE_2.01.ZIP.extracted,_DIR-815_REVB_FIRMWARE_2.02.B01.ZIP.extracted,_DIR-815_REVB_FIRMWARE_2.03.B05.ZIP.extracted,_DIR-815_REVB_FIRMWARE_2.03.B08.ZIP.extracted,_DIR-815_REVB_FIRMWARE_PATCH_2.03.B02.ZIP.extracted,_DIR-815_REVB_FIRMWARE_PATCH_2.05.B01.ZIP.extracted,_DIR-815_REVB_FIRMWARE_PATCH_2.07.B01.ZIP.extracted
/pic/cable_connection.jpg,404,404,404,404,0983f63e350b9a853ddfb49af9ec9ba1,0983f63e350b9a853ddfb49af9ec9ba1,0983f63e350b9a853ddfb49af9ec9ba1,0983f63e350b9a853ddfb49af9ec9ba1,0983f63e350b9a853ddfb49af9ec9ba1,0983f63e350b9a853ddfb49af9ec9ba1,0983f63e350b9a853ddfb49af9ec9ba1
/css/support.css,b12f6e2fc3dc6edaece4b81763dd3c7d,b12f6e2fc3dc6edaece4b81763dd3c7d,b12f6e2fc3dc6edaece4b81763dd3c7d,b12f6e2fc3dc6edaece4b81763dd3c7d,b12f6e2fc3dc6edaece4b81763dd3c7d,b12f6e2fc3dc6edaece4b81763dd3c7d,b12f6e2fc3dc6edaece4b81763dd3c7d,b12f6e2fc3dc6edaece4b81763dd3c7d,b12f6e2fc3dc6edaece4b81763dd3c7d,b12f6e2fc3dc6edaece4b81763dd3c7d,b12f6e2fc3dc6edaece4b81763dd3c7d
/pic/head_01.gif,c5740e9691bc9c1a7e425bb2c96867cc,c5740e9691bc9c1a7e425bb2c96867cc,c5740e9691bc9c1a7e425bb2c96867cc,c5740e9691bc9c1a7e425bb2c96867cc,c5740e9691bc9c1a7e425bb2c96867cc,c5740e9691bc9c1a7e425bb2c96867cc,c5740e9691bc9c1a7e425bb2c96867cc,c5740e9691bc9c1a7e425bb2c96867cc,c5740e9691bc9c1a7e425bb2c96867cc,c5740e9691bc9c1a7e425bb2c96867cc,c5740e9691bc9c1a7e425bb2c96867cc
/pic/wan_detect_process_bar.gif,9ddd7171416774dc46e0f80eb1029da2,9ddd7171416774dc46e0f80eb1029da2,4fb669068e60a5333bb395a53548f5be,4fb669068e60a5333bb395a53548f5be,9ddd7171416774dc46e0f80eb1029da2,9ddd7171416774dc46e0f80eb1029da2,9ddd7171416774dc46e0f80eb1029da2,9ddd7171416774dc46e0f80eb1029da2,9ddd7171416774dc46e0f80eb1029da2,9ddd7171416774dc46e0f80eb1029da2,9ddd7171416774dc46e0f80eb1029da2
/js/libajax.js,df4bf7ab066079ee9751cafcda03afc9,df4bf7ab066079ee9751cafcda03afc9,df4bf7ab066079ee9751cafcda03afc9,df4bf7ab066079ee9751cafcda03afc9,7a35ed16e582cc1af4c09401c48616fa,7a35ed16e582cc1af4c09401c48616fa,7a35ed16e582cc1af4c09401c48616fa,7a35ed16e582cc1af4c09401c48616fa,7a35ed16e582cc1af4c09401c48616fa,7a35ed16e582cc1af4c09401c48616fa,5058d39e9d47352594d1f96205c3b5d9
/pic/topmenumodel.gif,9cb11ba8c8278ffe312bab727a1744bd,9cb11ba8c8278ffe312bab727a1744bd,9cb11ba8c8278ffe312bab727a1744bd,9cb11ba8c8278ffe312bab727a1744bd,9cb11ba8c8278ffe312bab727a1744bd,9cb11ba8c8278ffe312bab727a1744bd,9cb11ba8c8278ffe312bab727a1744bd,9cb11ba8c8278ffe312bab727a1744bd,9cb11ba8c8278ffe312bab727a1744bd,9cb11ba8c8278ffe312bab727a1744bd,9cb11ba8c8278ffe312bab727a1744bd
/pic/smart_head.jpg,f239c70b698b24f83e46df7d52925a8c,f239c70b698b24f83e46df7d52925a8c,f239c70b698b24f83e46df7d52925a8c,f239c70b698b24f83e46df7d52925a8c,4d809d91eb83c7272b579d977622b87a,4d809d91eb83c7272b579d977622b87a,4d809d91eb83c7272b579d977622b87a,4d809d91eb83c7272b579d977622b87a,4d809d91eb83c7272b579d977622b87a,4d809d91eb83c7272b579d977622b87a,4d809d91eb83c7272b579d977622b87a
/pic/img_edit.gif,917c32c217ae6d4f7b6f779a2a428cbf,917c32c217ae6d4f7b6f779a2a428cbf,917c32c217ae6d4f7b6f779a2a428cbf,917c32c217ae6d4f7b6f779a2a428cbf,917c32c217ae6d4f7b6f779a2a428cbf,917c32c217ae6d4f7b6f779a2a428cbf,917c32c217ae6d4f7b6f779a2a428cbf,917c32c217ae6d4f7b6f779a2a428cbf,917c32c217ae6d4f7b6f779a2a428cbf,917c32c217ae6d4f7b6f779a2a428cbf,917c32c217ae6d4f7b6f779a2a428cbf
/pic/smart_head_1.jpg,059ee3b66a44dd3f72bc621f09a80388,059ee3b66a44dd3f72bc621f09a80388,059ee3b66a44dd3f72bc621f09a80388,059ee3b66a44dd3f72bc621f09a80388,3c0716bd81a92b04d8924135b08e7160,3c0716bd81a92b04d8924135b08e7160,3c0716bd81a92b04d8924135b08e7160,3c0716bd81a92b04d8924135b08e7160,3c0716bd81a92b04d8924135b08e7160,3c0716bd81a92b04d8924135b08e7160,3c0716bd81a92b04d8924135b08e7160
/js/comm.js,7a922e767abaab8a0d39c612b4baa3f5,7a922e767abaab8a0d39c612b4baa3f5,7a922e767abaab8a0d39c612b4baa3f5,7a922e767abaab8a0d39c612b4baa3f5,af9409f0bf607afe8bf9edf324fa55e8,af9409f0bf607afe8bf9edf324fa55e8,af9409f0bf607afe8bf9edf324fa55e8,af9409f0bf607afe8bf9edf324fa55e8,af9409f0bf607afe8bf9edf324fa55e8,af9409f0bf607afe8bf9edf324fa55e8,af9409f0bf607afe8bf9edf324fa55e8
/pic/dlink_utility.jpg,404,404,404,404,a4d21ab61061fc250257d3d247c69b8e,a4d21ab61061fc250257d3d247c69b8e,a4d21ab61061fc250257d3d247c69b8e,a4d21ab61061fc250257d3d247c69b8e,a4d21ab61061fc250257d3d247c69b8e,a4d21ab61061fc250257d3d247c69b8e,a4d21ab61061fc250257d3d247c69b8e
/pic/head_03.gif,4db36adea4f55dc3d409ae5dc774f08c,4db36adea4f55dc3d409ae5dc774f08c,4db36adea4f55dc3d409ae5dc774f08c,4db36adea4f55dc3d409ae5dc774f08c,4db36adea4f55dc3d409ae5dc774f08c,4db36adea4f55dc3d409ae5dc774f08c,4db36adea4f55dc3d409ae5dc774f08c,4db36adea4f55dc3d409ae5dc774f08c,4db36adea4f55dc3d409ae5dc774f08c,4db36adea4f55dc3d409ae5dc774f08c,4db36adea4f55dc3d409ae5dc774f08c
/js/AES.js,404,404,404,404,404,404,404,404,404,404,c17319f48a24837b85f8e0c8239d2bb3
/pic/head_02.gif,4228afb4ae471e8d503cc0111effc2cd,4228afb4ae471e8d503cc0111effc2cd,4228afb4ae471e8d503cc0111effc2cd,4228afb4ae471e8d503cc0111effc2cd,4228afb4ae471e8d503cc0111effc2cd,4228afb4ae471e8d503cc0111effc2cd,4228afb4ae471e8d503cc0111effc2cd,4228afb4ae471e8d503cc0111effc2cd,4228afb4ae471e8d503cc0111effc2cd,4228afb4ae471e8d503cc0111effc2cd,4228afb4ae471e8d503cc0111effc2cd
/css/general.css,859d156439060aae22e49c13ff3249ff,859d156439060aae22e49c13ff3249ff,e416da0b8596236f3b754f338bf3a04b,e416da0b8596236f3b754f338bf3a04b,d3335ae3559b49d4a75cd3abd6b42a54,d3335ae3559b49d4a75cd3abd6b42a54,d3335ae3559b49d4a75cd3abd6b42a54,d3335ae3559b49d4a75cd3abd6b42a54,d3335ae3559b49d4a75cd3abd6b42a54,d3335ae3559b49d4a75cd3abd6b42a54,d3335ae3559b49d4a75cd3abd6b42a54
/js/postxml.js,028865e11d08e261f3121fcce07b6e11,028865e11d08e261f3121fcce07b6e11,028865e11d08e261f3121fcce07b6e11,028865e11d08e261f3121fcce07b6e11,028865e11d08e261f3121fcce07b6e11,028865e11d08e261f3121fcce07b6e11,028865e11d08e261f3121fcce07b6e11,028865e11d08e261f3121fcce07b6e11,028865e11d08e261f3121fcce07b6e11,028865e11d08e261f3121fcce07b6e11,028865e11d08e261f3121fcce07b6e11
/pic/img_delete.gif,0cf2bca363db05266fe70ee86528860a,0cf2bca363db05266fe70ee86528860a,0cf2bca363db05266fe70ee86528860a,0cf2bca363db05266fe70ee86528860a,0cf2bca363db05266fe70ee86528860a,0cf2bca363db05266fe70ee86528860a,0cf2bca363db05266fe70ee86528860a,0cf2bca363db05266fe70ee86528860a,0cf2bca363db05266fe70ee86528860a,0cf2bca363db05266fe70ee86528860a,0cf2bca363db05266fe70ee86528860a
/js/hmac_md5.js,404,404,404,404,404,404,404,404,404,404,ba5beabb20229da13095fba4bcb81680
/pic/tail.gif,ce61afc10498dc3bc8bf205c9f50d3ca,ce61afc10498dc3bc8bf205c9f50d3ca,ce61afc10498dc3bc8bf205c9f50d3ca,ce61afc10498dc3bc8bf205c9f50d3ca,ce61afc10498dc3bc8bf205c9f50d3ca,ce61afc10498dc3bc8bf205c9f50d3ca,ce61afc10498dc3bc8bf205c9f50d3ca,ce61afc10498dc3bc8bf205c9f50d3ca,ce61afc10498dc3bc8bf205c9f50d3ca,ce61afc10498dc3bc8bf205c9f50d3ca,ce61afc10498dc3bc8bf205c9f50d3ca
