,_WNR2000v5-V1.0.0.18.zip.extracted,_WNR2000v5-V1.0.0.28.zip.extracted,_WNR2000v5-V1.0.0.34.zip.extracted,_WNR2000v5-V1.0.0.42.zip.extracted,_WNR2000v5-V1.0.0.58.zip.extracted,_WNR2000v5-V1.0.0.62.zip.extracted,_WNR2000v5-V1.0.0.64.zip.extracted,_WNR2000v5_V1.0.0.26.zip.extracted
/style/hijack_03A_wanInput_reenter.css,3d98157d5f337f188c5f07c91f3c2990,3d98157d5f337f188c5f07c91f3c2990,3d98157d5f337f188c5f07c91f3c2990,3d98157d5f337f188c5f07c91f3c2990,3d98157d5f337f188c5f07c91f3c2990,3d98157d5f337f188c5f07c91f3c2990,3d98157d5f337f188c5f07c91f3c2990,3d98157d5f337f188c5f07c91f3c2990
/script/brs_hijack_success.js,0436065c772ecfe781bada5caeeb8151,0436065c772ecfe781bada5caeeb8151,0436065c772ecfe781bada5caeeb8151,0436065c772ecfe781bada5caeeb8151,0436065c772ecfe781bada5caeeb8151,0436065c772ecfe781bada5caeeb8151,0436065c772ecfe781bada5caeeb8151,0436065c772ecfe781bada5caeeb8151
/script/brs_hijack_03A_A_noWan.js,2c8e6eb36e2c68d2c1a4f9f83a609176,2c8e6eb36e2c68d2c1a4f9f83a609176,2c8e6eb36e2c68d2c1a4f9f83a609176,2c8e6eb36e2c68d2c1a4f9f83a609176,2c8e6eb36e2c68d2c1a4f9f83a609176,2c8e6eb36e2c68d2c1a4f9f83a609176,2c8e6eb36e2c68d2c1a4f9f83a609176,2c8e6eb36e2c68d2c1a4f9f83a609176
/script/brs_genie_03A_F_l2tp_reenter.js,8210f1d0a82e695532029e1615bf9b85,8210f1d0a82e695532029e1615bf9b85,8210f1d0a82e695532029e1615bf9b85,8210f1d0a82e695532029e1615bf9b85,8210f1d0a82e695532029e1615bf9b85,8210f1d0a82e695532029e1615bf9b85,8210f1d0a82e695532029e1615bf9b85,8210f1d0a82e695532029e1615bf9b85
/language/Hungarian.js,0318e86ededabbfdc79fe2c537f53912,0318e86ededabbfdc79fe2c537f53912,0318e86ededabbfdc79fe2c537f53912,e7e398d29f341acd2f2591e1e5daf8bb,cbbdd454033c0d2e9e1a73a14e11a583,cbbdd454033c0d2e9e1a73a14e11a583,cbbdd454033c0d2e9e1a73a14e11a583,0318e86ededabbfdc79fe2c537f53912
/style/basic_home.css,ad9804578d52c845565b7271e8044890,ad9804578d52c845565b7271e8044890,ad9804578d52c845565b7271e8044890,ad9804578d52c845565b7271e8044890,ad9804578d52c845565b7271e8044890,ad9804578d52c845565b7271e8044890,ad9804578d52c845565b7271e8044890,ad9804578d52c845565b7271e8044890
/script/brs_hijack_03A_E_IP_problem_staticIP_B_macClone_plzWait.js,e649890032b150793622df866e8c64a8,e649890032b150793622df866e8c64a8,e649890032b150793622df866e8c64a8,e649890032b150793622df866e8c64a8,e649890032b150793622df866e8c64a8,e649890032b150793622df866e8c64a8,e649890032b150793622df866e8c64a8,e649890032b150793622df866e8c64a8
/image/help/help_down.gif,a174c0f16a8c6fe25bb66e6900ca995e,a174c0f16a8c6fe25bb66e6900ca995e,a174c0f16a8c6fe25bb66e6900ca995e,a174c0f16a8c6fe25bb66e6900ca995e,a174c0f16a8c6fe25bb66e6900ca995e,a174c0f16a8c6fe25bb66e6900ca995e,a174c0f16a8c6fe25bb66e6900ca995e,a174c0f16a8c6fe25bb66e6900ca995e
/oneline.gif,d158cd7fce14b146cd0a23e154007637,d158cd7fce14b146cd0a23e154007637,d158cd7fce14b146cd0a23e154007637,d158cd7fce14b146cd0a23e154007637,d158cd7fce14b146cd0a23e154007637,d158cd7fce14b146cd0a23e154007637,d158cd7fce14b146cd0a23e154007637,d158cd7fce14b146cd0a23e154007637
/script/brs_genie_03A_C_pptp_reenter.js,a2f7d01511502220a52fe02946b43fc3,a2f7d01511502220a52fe02946b43fc3,a2f7d01511502220a52fe02946b43fc3,a2f7d01511502220a52fe02946b43fc3,a2f7d01511502220a52fe02946b43fc3,a2f7d01511502220a52fe02946b43fc3,a2f7d01511502220a52fe02946b43fc3,a2f7d01511502220a52fe02946b43fc3
/script/brs_hijack_03B_haveBackupFile.js,524f7f37c9b6a4fa973ed35de8e04cec,524f7f37c9b6a4fa973ed35de8e04cec,524f7f37c9b6a4fa973ed35de8e04cec,9b8a91de4bee756d76b78b4e32812a81,9b8a91de4bee756d76b78b4e32812a81,9b8a91de4bee756d76b78b4e32812a81,9b8a91de4bee756d76b78b4e32812a81,524f7f37c9b6a4fa973ed35de8e04cec
/language/Finnish.js,94710a4143cf2f677b12fc4863b03db3,94710a4143cf2f677b12fc4863b03db3,94710a4143cf2f677b12fc4863b03db3,ab6ba54d3dd9bd381502a303bc566075,a1cec4a51a67f93e8d21836bdbec633f,a1cec4a51a67f93e8d21836bdbec633f,a1cec4a51a67f93e8d21836bdbec633f,94710a4143cf2f677b12fc4863b03db3
/style/hijack_05_networkIssue.css,51ed59ea2f4d3408b8119bd2db558602,51ed59ea2f4d3408b8119bd2db558602,51ed59ea2f4d3408b8119bd2db558602,51ed59ea2f4d3408b8119bd2db558602,51ed59ea2f4d3408b8119bd2db558602,51ed59ea2f4d3408b8119bd2db558602,51ed59ea2f4d3408b8119bd2db558602,51ed59ea2f4d3408b8119bd2db558602
/image/buttons.gif,a2eaac0a2d7082f0286741c7ec0fd43a,a2eaac0a2d7082f0286741c7ec0fd43a,a2eaac0a2d7082f0286741c7ec0fd43a,a2eaac0a2d7082f0286741c7ec0fd43a,a2eaac0a2d7082f0286741c7ec0fd43a,a2eaac0a2d7082f0286741c7ec0fd43a,a2eaac0a2d7082f0286741c7ec0fd43a,a2eaac0a2d7082f0286741c7ec0fd43a
/ipv6.js,8ccc151666f226780b02616305d4ffcf,8ccc151666f226780b02616305d4ffcf,8ccc151666f226780b02616305d4ffcf,8ccc151666f226780b02616305d4ffcf,8ccc151666f226780b02616305d4ffcf,8ccc151666f226780b02616305d4ffcf,8ccc151666f226780b02616305d4ffcf,8ccc151666f226780b02616305d4ffcf
/RU_mac_spoof.js,c1cd5b0f2516b077c7f57197c028047a,c1cd5b0f2516b077c7f57197c028047a,c1cd5b0f2516b077c7f57197c028047a,c1cd5b0f2516b077c7f57197c028047a,c1cd5b0f2516b077c7f57197c028047a,c1cd5b0f2516b077c7f57197c028047a,c1cd5b0f2516b077c7f57197c028047a,c1cd5b0f2516b077c7f57197c028047a
/script/brs_hijack_04_applySettings_wget.js,ff82b4c860c9706362ac3b092b3f7d5b,ff82b4c860c9706362ac3b092b3f7d5b,ff82b4c860c9706362ac3b092b3f7d5b,ad0298cc84397252041b64d6cd35839e,ad0298cc84397252041b64d6cd35839e,ad0298cc84397252041b64d6cd35839e,ad0298cc84397252041b64d6cd35839e,ff82b4c860c9706362ac3b092b3f7d5b
/wps_icon_off.jpg,ff40e4d803d79bcd1b008edba02bffe9,ff40e4d803d79bcd1b008edba02bffe9,ff40e4d803d79bcd1b008edba02bffe9,ff40e4d803d79bcd1b008edba02bffe9,ff40e4d803d79bcd1b008edba02bffe9,ff40e4d803d79bcd1b008edba02bffe9,ff40e4d803d79bcd1b008edba02bffe9,ff40e4d803d79bcd1b008edba02bffe9
/RU_isp_list.js,d3566ba0eb3e0133fc03edd95bc10170,d3566ba0eb3e0133fc03edd95bc10170,d3566ba0eb3e0133fc03edd95bc10170,d3566ba0eb3e0133fc03edd95bc10170,d3566ba0eb3e0133fc03edd95bc10170,d3566ba0eb3e0133fc03edd95bc10170,d3566ba0eb3e0133fc03edd95bc10170,d3566ba0eb3e0133fc03edd95bc10170
/passwd.js,8cccec4dce0622bb87ddf916770c9676,8cccec4dce0622bb87ddf916770c9676,8cccec4dce0622bb87ddf916770c9676,8cccec4dce0622bb87ddf916770c9676,8cccec4dce0622bb87ddf916770c9676,8cccec4dce0622bb87ddf916770c9676,8cccec4dce0622bb87ddf916770c9676,8cccec4dce0622bb87ddf916770c9676
/wadv_sechdule.js,d88cf69b7d82d4fc9611dba584e24aef,d88cf69b7d82d4fc9611dba584e24aef,d88cf69b7d82d4fc9611dba584e24aef,d88cf69b7d82d4fc9611dba584e24aef,d88cf69b7d82d4fc9611dba584e24aef,d88cf69b7d82d4fc9611dba584e24aef,d88cf69b7d82d4fc9611dba584e24aef,d88cf69b7d82d4fc9611dba584e24aef
/language/French.js,7db2ec61409f10e2282751e815f82ca8,7db2ec61409f10e2282751e815f82ca8,7db2ec61409f10e2282751e815f82ca8,092275e1e6c20fa119b8fce1b3a908e1,58fc8e46a835e5cc4600bd3c78e2ab30,58fc8e46a835e5cc4600bd3c78e2ab30,58fc8e46a835e5cc4600bd3c78e2ab30,7db2ec61409f10e2282751e815f82ca8
/style/advanced_home_ru.css,baa86f3cf2804be20d816da7b87ad33a,baa86f3cf2804be20d816da7b87ad33a,baa86f3cf2804be20d816da7b87ad33a,baa86f3cf2804be20d816da7b87ad33a,baa86f3cf2804be20d816da7b87ad33a,404,404,baa86f3cf2804be20d816da7b87ad33a
/image/close_list.gif,30e581f841c29acb3cee06d044db6baa,30e581f841c29acb3cee06d044db6baa,30e581f841c29acb3cee06d044db6baa,30e581f841c29acb3cee06d044db6baa,30e581f841c29acb3cee06d044db6baa,30e581f841c29acb3cee06d044db6baa,30e581f841c29acb3cee06d044db6baa,30e581f841c29acb3cee06d044db6baa
/funcs.js,1faa8717ad3fbbcd5575c8237a5727fb,1faa8717ad3fbbcd5575c8237a5727fb,1faa8717ad3fbbcd5575c8237a5727fb,1faa8717ad3fbbcd5575c8237a5727fb,1faa8717ad3fbbcd5575c8237a5727fb,c38857bf6ff75df9886f42cac0353458,c38857bf6ff75df9886f42cac0353458,1faa8717ad3fbbcd5575c8237a5727fb
/reservation.js,6535bc17192cb48cbe89ad5a62569688,6535bc17192cb48cbe89ad5a62569688,6535bc17192cb48cbe89ad5a62569688,6535bc17192cb48cbe89ad5a62569688,6535bc17192cb48cbe89ad5a62569688,6535bc17192cb48cbe89ad5a62569688,6535bc17192cb48cbe89ad5a62569688,6535bc17192cb48cbe89ad5a62569688
/script/brs_hijack_03A_detcInetType.js,c05e842c36a5eec7ad1442f284be8f5f,c05e842c36a5eec7ad1442f284be8f5f,d8915e5b3622e6fbc9c179b3fb4672a2,d8915e5b3622e6fbc9c179b3fb4672a2,d8915e5b3622e6fbc9c179b3fb4672a2,d8915e5b3622e6fbc9c179b3fb4672a2,d8915e5b3622e6fbc9c179b3fb4672a2,c05e842c36a5eec7ad1442f284be8f5f
/schedule.js,1d81d1212f0762e1f85ecc213fba9362,1d81d1212f0762e1f85ecc213fba9362,1d81d1212f0762e1f85ecc213fba9362,1d81d1212f0762e1f85ecc213fba9362,1d81d1212f0762e1f85ecc213fba9362,22e260e77728aa50492db76dc7b6af09,22e260e77728aa50492db76dc7b6af09,1d81d1212f0762e1f85ecc213fba9362
/script/brs_hijack_index.js,0c56644a678f9e98cf4e0f1e82698f76,0c56644a678f9e98cf4e0f1e82698f76,0c56644a678f9e98cf4e0f1e82698f76,0c56644a678f9e98cf4e0f1e82698f76,0c56644a678f9e98cf4e0f1e82698f76,0c56644a678f9e98cf4e0f1e82698f76,0c56644a678f9e98cf4e0f1e82698f76,0c56644a678f9e98cf4e0f1e82698f76
/ipv6_tunnel.js,c3adeb4cf0f0a0f0a44bea27e9394127,c3adeb4cf0f0a0f0a44bea27e9394127,c3adeb4cf0f0a0f0a44bea27e9394127,c3adeb4cf0f0a0f0a44bea27e9394127,c3adeb4cf0f0a0f0a44bea27e9394127,c3adeb4cf0f0a0f0a44bea27e9394127,c3adeb4cf0f0a0f0a44bea27e9394127,c3adeb4cf0f0a0f0a44bea27e9394127
/style/basic.css,869d2810d1cd5da2ea5c7534aec45d25,869d2810d1cd5da2ea5c7534aec45d25,869d2810d1cd5da2ea5c7534aec45d25,869d2810d1cd5da2ea5c7534aec45d25,869d2810d1cd5da2ea5c7534aec45d25,869d2810d1cd5da2ea5c7534aec45d25,869d2810d1cd5da2ea5c7534aec45d25,869d2810d1cd5da2ea5c7534aec45d25
/image/check.png,ce64b40946968ee7bb2f90d4e4e077ae,ce64b40946968ee7bb2f90d4e4e077ae,ce64b40946968ee7bb2f90d4e4e077ae,ce64b40946968ee7bb2f90d4e4e077ae,ce64b40946968ee7bb2f90d4e4e077ae,ce64b40946968ee7bb2f90d4e4e077ae,ce64b40946968ee7bb2f90d4e4e077ae,ce64b40946968ee7bb2f90d4e4e077ae
/script/brs_hijack_04_applySettings_ping.js,82ec3386a5a9a0ae5fb668ce2d625aff,82ec3386a5a9a0ae5fb668ce2d625aff,82ec3386a5a9a0ae5fb668ce2d625aff,03220c9f4cade39aab35393cf11edf03,03220c9f4cade39aab35393cf11edf03,03220c9f4cade39aab35393cf11edf03,03220c9f4cade39aab35393cf11edf03,82ec3386a5a9a0ae5fb668ce2d625aff
/image/footer/search_button_long.gif,1fce2daa1d9f910ceffcabc99ed5192a,1fce2daa1d9f910ceffcabc99ed5192a,1fce2daa1d9f910ceffcabc99ed5192a,1fce2daa1d9f910ceffcabc99ed5192a,1fce2daa1d9f910ceffcabc99ed5192a,1fce2daa1d9f910ceffcabc99ed5192a,1fce2daa1d9f910ceffcabc99ed5192a,1fce2daa1d9f910ceffcabc99ed5192a
/script/brs_check_manulConfig.js,81f418b5339c365af17b808d0ead1fdd,81f418b5339c365af17b808d0ead1fdd,81f418b5339c365af17b808d0ead1fdd,81f418b5339c365af17b808d0ead1fdd,81f418b5339c365af17b808d0ead1fdd,81f418b5339c365af17b808d0ead1fdd,81f418b5339c365af17b808d0ead1fdd,81f418b5339c365af17b808d0ead1fdd
/image/top_button_background.gif,f9a43196cc9aeab84bb15641417418ef,f9a43196cc9aeab84bb15641417418ef,f9a43196cc9aeab84bb15641417418ef,f9a43196cc9aeab84bb15641417418ef,f9a43196cc9aeab84bb15641417418ef,f9a43196cc9aeab84bb15641417418ef,f9a43196cc9aeab84bb15641417418ef,f9a43196cc9aeab84bb15641417418ef
/tops.gif,641c80eb338956b4276f215305d344f6,641c80eb338956b4276f215305d344f6,641c80eb338956b4276f215305d344f6,641c80eb338956b4276f215305d344f6,641c80eb338956b4276f215305d344f6,641c80eb338956b4276f215305d344f6,641c80eb338956b4276f215305d344f6,641c80eb338956b4276f215305d344f6
/bas_pppoe.js,24107f46a54057fc3caa2a19c1d5722b,24107f46a54057fc3caa2a19c1d5722b,24107f46a54057fc3caa2a19c1d5722b,24107f46a54057fc3caa2a19c1d5722b,24107f46a54057fc3caa2a19c1d5722b,f598688be0467e38fdc750e88b3cde46,f598688be0467e38fdc750e88b3cde46,24107f46a54057fc3caa2a19c1d5722b
/script/ru_detcInetType.js,a80c8bbcdb96095de24d91afde017762,a80c8bbcdb96095de24d91afde017762,a80c8bbcdb96095de24d91afde017762,a80c8bbcdb96095de24d91afde017762,a80c8bbcdb96095de24d91afde017762,a80c8bbcdb96095de24d91afde017762,a80c8bbcdb96095de24d91afde017762,a80c8bbcdb96095de24d91afde017762
/triggering.js,1ffd551c2759b7c612e48dfa070bcdbf,1ffd551c2759b7c612e48dfa070bcdbf,1ffd551c2759b7c612e48dfa070bcdbf,1ffd551c2759b7c612e48dfa070bcdbf,1ffd551c2759b7c612e48dfa070bcdbf,1ffd551c2759b7c612e48dfa070bcdbf,1ffd551c2759b7c612e48dfa070bcdbf,1ffd551c2759b7c612e48dfa070bcdbf
/style/hijack_03A_E_IP_problem.css,aa6c2535846d91580d7375142598a1e3,aa6c2535846d91580d7375142598a1e3,aa6c2535846d91580d7375142598a1e3,aa6c2535846d91580d7375142598a1e3,aa6c2535846d91580d7375142598a1e3,aa6c2535846d91580d7375142598a1e3,aa6c2535846d91580d7375142598a1e3,aa6c2535846d91580d7375142598a1e3
/style/hijack_ru_isp_fail.css,36452e3737d71499359676448586587a,36452e3737d71499359676448586587a,36452e3737d71499359676448586587a,36452e3737d71499359676448586587a,36452e3737d71499359676448586587a,36452e3737d71499359676448586587a,36452e3737d71499359676448586587a,36452e3737d71499359676448586587a
/script/funcs.js,c3736e78b98f9a6a2fa3a07df9255ee0,c3736e78b98f9a6a2fa3a07df9255ee0,c3736e78b98f9a6a2fa3a07df9255ee0,c3736e78b98f9a6a2fa3a07df9255ee0,c3736e78b98f9a6a2fa3a07df9255ee0,c3736e78b98f9a6a2fa3a07df9255ee0,c3736e78b98f9a6a2fa3a07df9255ee0,c3736e78b98f9a6a2fa3a07df9255ee0
/image/process_bar.jpg,8c5ea2781326cd404c7508e4dd3a3695,8c5ea2781326cd404c7508e4dd3a3695,8c5ea2781326cd404c7508e4dd3a3695,8c5ea2781326cd404c7508e4dd3a3695,8c5ea2781326cd404c7508e4dd3a3695,8c5ea2781326cd404c7508e4dd3a3695,8c5ea2781326cd404c7508e4dd3a3695,8c5ea2781326cd404c7508e4dd3a3695
/image/footer/search_button.gif,698f91079d7d9286b2517fb2a509a11d,698f91079d7d9286b2517fb2a509a11d,698f91079d7d9286b2517fb2a509a11d,698f91079d7d9286b2517fb2a509a11d,698f91079d7d9286b2517fb2a509a11d,698f91079d7d9286b2517fb2a509a11d,698f91079d7d9286b2517fb2a509a11d,698f91079d7d9286b2517fb2a509a11d
/image/advanced_homes.gif,08b1e29b5295b71438480e9c366cddfe,08b1e29b5295b71438480e9c366cddfe,08b1e29b5295b71438480e9c366cddfe,08b1e29b5295b71438480e9c366cddfe,08b1e29b5295b71438480e9c366cddfe,08b1e29b5295b71438480e9c366cddfe,08b1e29b5295b71438480e9c366cddfe,08b1e29b5295b71438480e9c366cddfe
/language/Slovak.js,81e1d13fdbf4122ff2a6e530c2530106,81e1d13fdbf4122ff2a6e530c2530106,81e1d13fdbf4122ff2a6e530c2530106,0dfe6506699e4b0598ded0af87ab2595,31c78f3da2606b3c92f96d05dcfea489,31c78f3da2606b3c92f96d05dcfea489,31c78f3da2606b3c92f96d05dcfea489,81e1d13fdbf4122ff2a6e530c2530106
/upnp.js,008c9b2d2bd5128237d5f34e885d6445,008c9b2d2bd5128237d5f34e885d6445,008c9b2d2bd5128237d5f34e885d6445,008c9b2d2bd5128237d5f34e885d6445,008c9b2d2bd5128237d5f34e885d6445,008c9b2d2bd5128237d5f34e885d6445,008c9b2d2bd5128237d5f34e885d6445,008c9b2d2bd5128237d5f34e885d6445
/script/brs_hijack_03A_B_pppoe.js,213a8bcf3ec1055b59eeb5bc590bae09,213a8bcf3ec1055b59eeb5bc590bae09,213a8bcf3ec1055b59eeb5bc590bae09,213a8bcf3ec1055b59eeb5bc590bae09,213a8bcf3ec1055b59eeb5bc590bae09,213a8bcf3ec1055b59eeb5bc590bae09,213a8bcf3ec1055b59eeb5bc590bae09,213a8bcf3ec1055b59eeb5bc590bae09
/language/English.js,d58cf4655beb23fdeef2ed7dc292b329,d58cf4655beb23fdeef2ed7dc292b329,d58cf4655beb23fdeef2ed7dc292b329,565f6e7e545137b291e032f7dc981f4d,36237ea9c23a89d6a8179de70bbbc00b,36237ea9c23a89d6a8179de70bbbc00b,36237ea9c23a89d6a8179de70bbbc00b,d58cf4655beb23fdeef2ed7dc292b329
/language/Traditional-Chinese.js,ece23ffa62c1f9d36e1de283e32454ab,ece23ffa62c1f9d36e1de283e32454ab,ece23ffa62c1f9d36e1de283e32454ab,4934f59d380bf4722535004bfe55730a,98c9c18fa7ab01eb37033d2418ab108a,98c9c18fa7ab01eb37033d2418ab108a,98c9c18fa7ab01eb37033d2418ab108a,ece23ffa62c1f9d36e1de283e32454ab
/language/Czech.js,dbbfa53ae1ad7048a29eb5d1ad6fd7a0,dbbfa53ae1ad7048a29eb5d1ad6fd7a0,dbbfa53ae1ad7048a29eb5d1ad6fd7a0,4f826bf76f3a5970d32b2017ef3d401c,5b4f07b5773a731cf0ca71dcd66c1dc3,5b4f07b5773a731cf0ca71dcd66c1dc3,5b4f07b5773a731cf0ca71dcd66c1dc3,dbbfa53ae1ad7048a29eb5d1ad6fd7a0
/wps_icon_on.jpg,d73f89fc34f0a301ee49d82dbd445aa2,d73f89fc34f0a301ee49d82dbd445aa2,d73f89fc34f0a301ee49d82dbd445aa2,d73f89fc34f0a301ee49d82dbd445aa2,d73f89fc34f0a301ee49d82dbd445aa2,d73f89fc34f0a301ee49d82dbd445aa2,d73f89fc34f0a301ee49d82dbd445aa2,d73f89fc34f0a301ee49d82dbd445aa2
/script/brs_hijack_01_checkNet.js,e4ee4f2e2dd10ebb76b85427ffeb08e4,e4ee4f2e2dd10ebb76b85427ffeb08e4,e4ee4f2e2dd10ebb76b85427ffeb08e4,213ec2a4e75786867f334c31869bdf54,213ec2a4e75786867f334c31869bdf54,213ec2a4e75786867f334c31869bdf54,213ec2a4e75786867f334c31869bdf54,e4ee4f2e2dd10ebb76b85427ffeb08e4
/AccessControl.js,b51608e482bcfcc1fcc509f8523e83dd,b51608e482bcfcc1fcc509f8523e83dd,b51608e482bcfcc1fcc509f8523e83dd,b51608e482bcfcc1fcc509f8523e83dd,b51608e482bcfcc1fcc509f8523e83dd,b51608e482bcfcc1fcc509f8523e83dd,b51608e482bcfcc1fcc509f8523e83dd,b51608e482bcfcc1fcc509f8523e83dd
/style/hijack_03A_wanInput.css,4414e3605a51df1267213469030cc03b,4414e3605a51df1267213469030cc03b,4414e3605a51df1267213469030cc03b,4414e3605a51df1267213469030cc03b,4414e3605a51df1267213469030cc03b,4414e3605a51df1267213469030cc03b,4414e3605a51df1267213469030cc03b,4414e3605a51df1267213469030cc03b
/language/Italian.js,cb6fa7034433d6c9854e9a48921c560c,cb6fa7034433d6c9854e9a48921c560c,cb6fa7034433d6c9854e9a48921c560c,7d7183c65ff4a29a5c1803bb00db6148,1e463bfa2e13a797559565113579c7e8,1e463bfa2e13a797559565113579c7e8,1e463bfa2e13a797559565113579c7e8,cb6fa7034433d6c9854e9a48921c560c
/wlacl.js,ecdb5ddfac5d7981477a1e88c25663bd,ecdb5ddfac5d7981477a1e88c25663bd,ecdb5ddfac5d7981477a1e88c25663bd,ecdb5ddfac5d7981477a1e88c25663bd,ecdb5ddfac5d7981477a1e88c25663bd,404,404,ecdb5ddfac5d7981477a1e88c25663bd
/script/brs_hijack_03A_A_check_net.js,79e5fcfe1eb9caeabd1b34f672278568,79e5fcfe1eb9caeabd1b34f672278568,79e5fcfe1eb9caeabd1b34f672278568,773130ee32395eb7517ce6e95a3a6a48,773130ee32395eb7517ce6e95a3a6a48,773130ee32395eb7517ce6e95a3a6a48,773130ee32395eb7517ce6e95a3a6a48,79e5fcfe1eb9caeabd1b34f672278568
/bas_pptp.js,c6c9b40bb8e472b738eb49af20f128cd,c6c9b40bb8e472b738eb49af20f128cd,c6c9b40bb8e472b738eb49af20f128cd,c6c9b40bb8e472b738eb49af20f128cd,c6c9b40bb8e472b738eb49af20f128cd,41570d8ef6e49b4831690b27e31b15f1,41570d8ef6e49b4831690b27e31b15f1,c6c9b40bb8e472b738eb49af20f128cd
/language/Japanese.js,827fd88b8550cabdf8e301168faf3a82,827fd88b8550cabdf8e301168faf3a82,827fd88b8550cabdf8e301168faf3a82,16b99634b8534a2791cc62a574782ea3,c66d24b005591cdbf3e96a6d2d6c3736,c66d24b005591cdbf3e96a6d2d6c3736,c66d24b005591cdbf3e96a6d2d6c3736,827fd88b8550cabdf8e301168faf3a82
/script/brs_hijack_03A_E_IP_problem_staticIP.js,8af885a247f2b1983d2e63a20889b8f8,8af885a247f2b1983d2e63a20889b8f8,8af885a247f2b1983d2e63a20889b8f8,8af885a247f2b1983d2e63a20889b8f8,8af885a247f2b1983d2e63a20889b8f8,8af885a247f2b1983d2e63a20889b8f8,8af885a247f2b1983d2e63a20889b8f8,8af885a247f2b1983d2e63a20889b8f8
/script/brs_hijack_02_genieHelp.js,2d775f1d1b1d2b49023b6999dd3e6890,2d775f1d1b1d2b49023b6999dd3e6890,2d775f1d1b1d2b49023b6999dd3e6890,2d775f1d1b1d2b49023b6999dd3e6890,f83d971aec9424b937896e2229b6b245,f83d971aec9424b937896e2229b6b245,f83d971aec9424b937896e2229b6b245,2d775f1d1b1d2b49023b6999dd3e6890
/liteblue.gif,c4df8295ce87d58a84af2dfea75af757,c4df8295ce87d58a84af2dfea75af757,c4df8295ce87d58a84af2dfea75af757,c4df8295ce87d58a84af2dfea75af757,c4df8295ce87d58a84af2dfea75af757,c4df8295ce87d58a84af2dfea75af757,c4df8295ce87d58a84af2dfea75af757,c4df8295ce87d58a84af2dfea75af757
/ipv6_autoConfig.js,2162122ed989073a57a94ff66ad5a31e,2162122ed989073a57a94ff66ad5a31e,2162122ed989073a57a94ff66ad5a31e,2162122ed989073a57a94ff66ad5a31e,2162122ed989073a57a94ff66ad5a31e,2162122ed989073a57a94ff66ad5a31e,2162122ed989073a57a94ff66ad5a31e,2162122ed989073a57a94ff66ad5a31e
/qos_prru.js,42aec28042c1aec6fe1af0c7ea56181a,42aec28042c1aec6fe1af0c7ea56181a,42aec28042c1aec6fe1af0c7ea56181a,42aec28042c1aec6fe1af0c7ea56181a,42aec28042c1aec6fe1af0c7ea56181a,42aec28042c1aec6fe1af0c7ea56181a,42aec28042c1aec6fe1af0c7ea56181a,42aec28042c1aec6fe1af0c7ea56181a
/ipv6_dhcp.js,2162122ed989073a57a94ff66ad5a31e,2162122ed989073a57a94ff66ad5a31e,2162122ed989073a57a94ff66ad5a31e,2162122ed989073a57a94ff66ad5a31e,2162122ed989073a57a94ff66ad5a31e,2162122ed989073a57a94ff66ad5a31e,2162122ed989073a57a94ff66ad5a31e,2162122ed989073a57a94ff66ad5a31e
/wlan.js,c3e27cc0528103d4a68e4ac29ff3dd57,7d2ac222bc44b453b0281d3cf717cfbb,7d2ac222bc44b453b0281d3cf717cfbb,7d2ac222bc44b453b0281d3cf717cfbb,7d2ac222bc44b453b0281d3cf717cfbb,7d2ac222bc44b453b0281d3cf717cfbb,7d2ac222bc44b453b0281d3cf717cfbb,c3e27cc0528103d4a68e4ac29ff3dd57
/language/RU_flow.js,c24880fbc82b7ded03b54123c0e5aace,c24880fbc82b7ded03b54123c0e5aace,c24880fbc82b7ded03b54123c0e5aace,c24880fbc82b7ded03b54123c0e5aace,c24880fbc82b7ded03b54123c0e5aace,c24880fbc82b7ded03b54123c0e5aace,c24880fbc82b7ded03b54123c0e5aace,c24880fbc82b7ded03b54123c0e5aace
/script/brs_hijack_03A_D_bigpond.js,72ea6934b988dc6573b648d27e10a8d1,72ea6934b988dc6573b648d27e10a8d1,72ea6934b988dc6573b648d27e10a8d1,72ea6934b988dc6573b648d27e10a8d1,72ea6934b988dc6573b648d27e10a8d1,72ea6934b988dc6573b648d27e10a8d1,72ea6934b988dc6573b648d27e10a8d1,72ea6934b988dc6573b648d27e10a8d1
/spacer.gif,325472601571f31e1bf00674c368d335,325472601571f31e1bf00674c368d335,325472601571f31e1bf00674c368d335,325472601571f31e1bf00674c368d335,325472601571f31e1bf00674c368d335,325472601571f31e1bf00674c368d335,325472601571f31e1bf00674c368d335,325472601571f31e1bf00674c368d335
/logs.js,8f69ca7f988146f96eeb8fca3fb681cb,8f69ca7f988146f96eeb8fca3fb681cb,8f69ca7f988146f96eeb8fca3fb681cb,ce8bbc03ebdd6c67b11a906bc98461be,ce8bbc03ebdd6c67b11a906bc98461be,ce8bbc03ebdd6c67b11a906bc98461be,ce8bbc03ebdd6c67b11a906bc98461be,8f69ca7f988146f96eeb8fca3fb681cb
/ipv6_pppoe.js,c9a64ac6c262a0efd0cb6ca1cce3a05b,c9a64ac6c262a0efd0cb6ca1cce3a05b,c9a64ac6c262a0efd0cb6ca1cce3a05b,c9a64ac6c262a0efd0cb6ca1cce3a05b,c9a64ac6c262a0efd0cb6ca1cce3a05b,c9a64ac6c262a0efd0cb6ca1cce3a05b,246bab2fabe66aa42b9001db2b5f4241,c9a64ac6c262a0efd0cb6ca1cce3a05b
/style/hijack_success.css,87c01600a1efdc7e173bedf02954ca8f,87c01600a1efdc7e173bedf02954ca8f,87c01600a1efdc7e173bedf02954ca8f,87c01600a1efdc7e173bedf02954ca8f,87c01600a1efdc7e173bedf02954ca8f,87c01600a1efdc7e173bedf02954ca8f,87c01600a1efdc7e173bedf02954ca8f,87c01600a1efdc7e173bedf02954ca8f
/lan.js,969b2a761b6eb4a02e8528e04805d93f,969b2a761b6eb4a02e8528e04805d93f,969b2a761b6eb4a02e8528e04805d93f,969b2a761b6eb4a02e8528e04805d93f,969b2a761b6eb4a02e8528e04805d93f,969b2a761b6eb4a02e8528e04805d93f,969b2a761b6eb4a02e8528e04805d93f,969b2a761b6eb4a02e8528e04805d93f
/style/hijack_03B_haveBackupFile.css,333e8a1cfe0b7a6da9ccaef2495943f9,333e8a1cfe0b7a6da9ccaef2495943f9,333e8a1cfe0b7a6da9ccaef2495943f9,333e8a1cfe0b7a6da9ccaef2495943f9,333e8a1cfe0b7a6da9ccaef2495943f9,333e8a1cfe0b7a6da9ccaef2495943f9,333e8a1cfe0b7a6da9ccaef2495943f9,333e8a1cfe0b7a6da9ccaef2495943f9
/image/footer/footer.gif,a4211ff9e487f5c09b2659dac559d965,a4211ff9e487f5c09b2659dac559d965,a4211ff9e487f5c09b2659dac559d965,a4211ff9e487f5c09b2659dac559d965,a4211ff9e487f5c09b2659dac559d965,a4211ff9e487f5c09b2659dac559d965,a4211ff9e487f5c09b2659dac559d965,a4211ff9e487f5c09b2659dac559d965
/upgrade.js,a634e87164f45085d6a61a2d3bac78b3,a634e87164f45085d6a61a2d3bac78b3,a634e87164f45085d6a61a2d3bac78b3,a634e87164f45085d6a61a2d3bac78b3,a634e87164f45085d6a61a2d3bac78b3,a634e87164f45085d6a61a2d3bac78b3,a634e87164f45085d6a61a2d3bac78b3,a634e87164f45085d6a61a2d3bac78b3
/bas_ether.js,b1bb07c330eb9e2a1d281fab67a54335,b1bb07c330eb9e2a1d281fab67a54335,b1bb07c330eb9e2a1d281fab67a54335,b1bb07c330eb9e2a1d281fab67a54335,b1bb07c330eb9e2a1d281fab67a54335,54e94acb0ab1148e96107a545e31df68,54e94acb0ab1148e96107a545e31df68,b1bb07c330eb9e2a1d281fab67a54335
/style/hijack_style.css,36582c833f349a10287ecc874b997a4b,36582c833f349a10287ecc874b997a4b,36582c833f349a10287ecc874b997a4b,36582c833f349a10287ecc874b997a4b,36582c833f349a10287ecc874b997a4b,36582c833f349a10287ecc874b997a4b,36582c833f349a10287ecc874b997a4b,36582c833f349a10287ecc874b997a4b
/mp_lang.js,02b0209c0b0f4244ef1179e12ebf17d1,02b0209c0b0f4244ef1179e12ebf17d1,02b0209c0b0f4244ef1179e12ebf17d1,02b0209c0b0f4244ef1179e12ebf17d1,02b0209c0b0f4244ef1179e12ebf17d1,02b0209c0b0f4244ef1179e12ebf17d1,02b0209c0b0f4244ef1179e12ebf17d1,02b0209c0b0f4244ef1179e12ebf17d1
/style/advanced_home.css,b7425ca93283dde5a9189808d6527dcc,b7425ca93283dde5a9189808d6527dcc,b7425ca93283dde5a9189808d6527dcc,b7425ca93283dde5a9189808d6527dcc,b7425ca93283dde5a9189808d6527dcc,b7425ca93283dde5a9189808d6527dcc,b7425ca93283dde5a9189808d6527dcc,b7425ca93283dde5a9189808d6527dcc
/language/Portuguese.js,37d63f642bf5c4665c46316c5095d92f,37d63f642bf5c4665c46316c5095d92f,37d63f642bf5c4665c46316c5095d92f,13fd619c147e007101c8923c4b5f8960,efc93cea3ae02330cf9f7f0e495e4b61,efc93cea3ae02330cf9f7f0e495e4b61,efc93cea3ae02330cf9f7f0e495e4b61,37d63f642bf5c4665c46316c5095d92f
/language/German.js,e174ca97a04f2931532f315a3e399b6a,e174ca97a04f2931532f315a3e399b6a,e174ca97a04f2931532f315a3e399b6a,bf4c098c4bc28af3204bbda93beb4f36,67cfa47d5d7eb166784c3b18889d7eab,67cfa47d5d7eb166784c3b18889d7eab,67cfa47d5d7eb166784c3b18889d7eab,e174ca97a04f2931532f315a3e399b6a
/script/brs_hijack_03A_E_IP_problem_staticIP_B_macClone.js,dddae19e0596927ed3e52253e82f53a5,dddae19e0596927ed3e52253e82f53a5,dddae19e0596927ed3e52253e82f53a5,dddae19e0596927ed3e52253e82f53a5,dddae19e0596927ed3e52253e82f53a5,dddae19e0596927ed3e52253e82f53a5,dddae19e0596927ed3e52253e82f53a5,dddae19e0596927ed3e52253e82f53a5
/script/brs_hijack.js,148475e7be566dd4abf675ad657d9c08,148475e7be566dd4abf675ad657d9c08,148475e7be566dd4abf675ad657d9c08,148475e7be566dd4abf675ad657d9c08,148475e7be566dd4abf675ad657d9c08,148475e7be566dd4abf675ad657d9c08,148475e7be566dd4abf675ad657d9c08,148475e7be566dd4abf675ad657d9c08
/style/hijack_03A_E_IP_problem_staticIP.css,6cc9d011c43135313cdc78cba8568f3d,6cc9d011c43135313cdc78cba8568f3d,6cc9d011c43135313cdc78cba8568f3d,6cc9d011c43135313cdc78cba8568f3d,6cc9d011c43135313cdc78cba8568f3d,6cc9d011c43135313cdc78cba8568f3d,6cc9d011c43135313cdc78cba8568f3d,6cc9d011c43135313cdc78cba8568f3d
/script/brs_hijack_03A_E_IP_problem.js,18120218356100a1366686b3481289f4,18120218356100a1366686b3481289f4,18120218356100a1366686b3481289f4,18120218356100a1366686b3481289f4,18120218356100a1366686b3481289f4,18120218356100a1366686b3481289f4,18120218356100a1366686b3481289f4,18120218356100a1366686b3481289f4
/language/Turkish.js,a93f6c92d65ed9cf48c523e993cd9fb1,a93f6c92d65ed9cf48c523e993cd9fb1,a93f6c92d65ed9cf48c523e993cd9fb1,d33ebb4f50f59b68fb6fc7021299fafc,d5b0f9938421cfdfb6da26484aa3a9a9,d5b0f9938421cfdfb6da26484aa3a9a9,d5b0f9938421cfdfb6da26484aa3a9a9,a93f6c92d65ed9cf48c523e993cd9fb1
/style/form.css,4edf4f534cf165e2a4f906242a28e121,4edf4f534cf165e2a4f906242a28e121,4edf4f534cf165e2a4f906242a28e121,4edf4f534cf165e2a4f906242a28e121,4edf4f534cf165e2a4f906242a28e121,4edf4f534cf165e2a4f906242a28e121,4edf4f534cf165e2a4f906242a28e121,4edf4f534cf165e2a4f906242a28e121
/language/Slovenian.js,7c9cf3c875110ca334c1481da69c61a6,7c9cf3c875110ca334c1481da69c61a6,7c9cf3c875110ca334c1481da69c61a6,dd6c113db90e1968beabd0fc77609512,cf0cf9d12c707df3f5a44b8bbeb7e68c,cf0cf9d12c707df3f5a44b8bbeb7e68c,cf0cf9d12c707df3f5a44b8bbeb7e68c,7c9cf3c875110ca334c1481da69c61a6
/top.js,e49b0e87d5ea0bb3c649b5b256a7ea05,e49b0e87d5ea0bb3c649b5b256a7ea05,e49b0e87d5ea0bb3c649b5b256a7ea05,e49b0e87d5ea0bb3c649b5b256a7ea05,e49b0e87d5ea0bb3c649b5b256a7ea05,06997a883748ca7a134d482f65aa9c71,06997a883748ca7a134d482f65aa9c71,e49b0e87d5ea0bb3c649b5b256a7ea05
/forwarding.js,d8f14e6c10b6a760ea7c342fffb3dda8,d8f14e6c10b6a760ea7c342fffb3dda8,d8f14e6c10b6a760ea7c342fffb3dda8,d8f14e6c10b6a760ea7c342fffb3dda8,d8f14e6c10b6a760ea7c342fffb3dda8,d8f14e6c10b6a760ea7c342fffb3dda8,d8f14e6c10b6a760ea7c342fffb3dda8,d8f14e6c10b6a760ea7c342fffb3dda8
/process_bar.gif,b69caebc3364c7d04449d1dffaed66e3,b69caebc3364c7d04449d1dffaed66e3,b69caebc3364c7d04449d1dffaed66e3,b69caebc3364c7d04449d1dffaed66e3,b69caebc3364c7d04449d1dffaed66e3,b69caebc3364c7d04449d1dffaed66e3,b69caebc3364c7d04449d1dffaed66e3,b69caebc3364c7d04449d1dffaed66e3
/style/hijack_02_genieHelp.css,9e09be5c7c3951db587aa6c181f30e2e,9e09be5c7c3951db587aa6c181f30e2e,9e09be5c7c3951db587aa6c181f30e2e,9e09be5c7c3951db587aa6c181f30e2e,9e09be5c7c3951db587aa6c181f30e2e,9e09be5c7c3951db587aa6c181f30e2e,9e09be5c7c3951db587aa6c181f30e2e,9e09be5c7c3951db587aa6c181f30e2e
/style/hijack_03A_C_pptp_reenter.css,2ce6d994d97b0f069a36aed8cec7f598,016ae235277542932d1ed7579c45a36e,016ae235277542932d1ed7579c45a36e,016ae235277542932d1ed7579c45a36e,016ae235277542932d1ed7579c45a36e,016ae235277542932d1ed7579c45a36e,016ae235277542932d1ed7579c45a36e,2ce6d994d97b0f069a36aed8cec7f598
/style/hijack_03A_C_pptp.css,3b87fc0858c53cbe509e170114dc8629,1a9e438fdedb19920f0b10fc4883d8f9,1a9e438fdedb19920f0b10fc4883d8f9,1a9e438fdedb19920f0b10fc4883d8f9,1a9e438fdedb19920f0b10fc4883d8f9,1a9e438fdedb19920f0b10fc4883d8f9,1a9e438fdedb19920f0b10fc4883d8f9,3b87fc0858c53cbe509e170114dc8629
/style/top_style.css,b78cbebd259b0e72316b61340c2263ee,b78cbebd259b0e72316b61340c2263ee,b78cbebd259b0e72316b61340c2263ee,b78cbebd259b0e72316b61340c2263ee,b78cbebd259b0e72316b61340c2263ee,b78cbebd259b0e72316b61340c2263ee,b78cbebd259b0e72316b61340c2263ee,b78cbebd259b0e72316b61340c2263ee
/language/RU_flow_en.js,bc4e09059e01b65ebda99bc3fbc3246f,bc4e09059e01b65ebda99bc3fbc3246f,bc4e09059e01b65ebda99bc3fbc3246f,bc4e09059e01b65ebda99bc3fbc3246f,bc4e09059e01b65ebda99bc3fbc3246f,bc4e09059e01b65ebda99bc3fbc3246f,bc4e09059e01b65ebda99bc3fbc3246f,bc4e09059e01b65ebda99bc3fbc3246f
/script/brs_hijack_03A_F_l2tp.js,45c004cd810ef3e6a828fd8e899449d9,45c004cd810ef3e6a828fd8e899449d9,45c004cd810ef3e6a828fd8e899449d9,45c004cd810ef3e6a828fd8e899449d9,45c004cd810ef3e6a828fd8e899449d9,45c004cd810ef3e6a828fd8e899449d9,45c004cd810ef3e6a828fd8e899449d9,45c004cd810ef3e6a828fd8e899449d9
/script/brs_genie_03A_B_pppoe_reenter.js,49c81038e6a70451a7ba46653a252c50,49c81038e6a70451a7ba46653a252c50,49c81038e6a70451a7ba46653a252c50,49c81038e6a70451a7ba46653a252c50,49c81038e6a70451a7ba46653a252c50,49c81038e6a70451a7ba46653a252c50,49c81038e6a70451a7ba46653a252c50,49c81038e6a70451a7ba46653a252c50
/wan.js,7cd4e3a257659bda302c9b97c8b0c7bf,7cd4e3a257659bda302c9b97c8b0c7bf,7cd4e3a257659bda302c9b97c8b0c7bf,7cd4e3a257659bda302c9b97c8b0c7bf,7cd4e3a257659bda302c9b97c8b0c7bf,7cd4e3a257659bda302c9b97c8b0c7bf,7cd4e3a257659bda302c9b97c8b0c7bf,7cd4e3a257659bda302c9b97c8b0c7bf
/script/brs_hiajck_03_haveBackupFile_ping.js,515c7cb4263f38a938471debe416ca23,515c7cb4263f38a938471debe416ca23,515c7cb4263f38a938471debe416ca23,f595e1d62da2d3b7865e8e6f2e391bf8,f595e1d62da2d3b7865e8e6f2e391bf8,f595e1d62da2d3b7865e8e6f2e391bf8,f595e1d62da2d3b7865e8e6f2e391bf8,515c7cb4263f38a938471debe416ca23
/image/ca_text_pic.gif,25daa4da96f84a33d2b10815b6a85aa0,25daa4da96f84a33d2b10815b6a85aa0,25daa4da96f84a33d2b10815b6a85aa0,25daa4da96f84a33d2b10815b6a85aa0,25daa4da96f84a33d2b10815b6a85aa0,25daa4da96f84a33d2b10815b6a85aa0,25daa4da96f84a33d2b10815b6a85aa0,25daa4da96f84a33d2b10815b6a85aa0
/ddns.js,f93e34ffcccf53efbb68280a0124d7e9,f93e34ffcccf53efbb68280a0124d7e9,f93e34ffcccf53efbb68280a0124d7e9,f93e34ffcccf53efbb68280a0124d7e9,f93e34ffcccf53efbb68280a0124d7e9,f93e34ffcccf53efbb68280a0124d7e9,f93e34ffcccf53efbb68280a0124d7e9,f93e34ffcccf53efbb68280a0124d7e9
/RU_welcome.js,767a97914f1460064e5d10212446567b,767a97914f1460064e5d10212446567b,767a97914f1460064e5d10212446567b,767a97914f1460064e5d10212446567b,767a97914f1460064e5d10212446567b,767a97914f1460064e5d10212446567b,767a97914f1460064e5d10212446567b,767a97914f1460064e5d10212446567b
/upload.gif,fb1d7238fbc90e27fe967a9c975259fb,fb1d7238fbc90e27fe967a9c975259fb,fb1d7238fbc90e27fe967a9c975259fb,fb1d7238fbc90e27fe967a9c975259fb,fb1d7238fbc90e27fe967a9c975259fb,fb1d7238fbc90e27fe967a9c975259fb,fb1d7238fbc90e27fe967a9c975259fb,fb1d7238fbc90e27fe967a9c975259fb
/language/Danish.js,b17e23e1453e7a3a0807fc1cc9778be0,b17e23e1453e7a3a0807fc1cc9778be0,b17e23e1453e7a3a0807fc1cc9778be0,d41cb485b9f39b36156b7c7fa8c57e7a,99321a37a595da0bc1333cd3cf0adde8,99321a37a595da0bc1333cd3cf0adde8,99321a37a595da0bc1333cd3cf0adde8,b17e23e1453e7a3a0807fc1cc9778be0
/script/brs_hijack_05_networkIssue.js,5a8146c7ae709843acdc7e40667c39ce,5a8146c7ae709843acdc7e40667c39ce,5a8146c7ae709843acdc7e40667c39ce,5a8146c7ae709843acdc7e40667c39ce,5a8146c7ae709843acdc7e40667c39ce,5a8146c7ae709843acdc7e40667c39ce,5a8146c7ae709843acdc7e40667c39ce,5a8146c7ae709843acdc7e40667c39ce
/block_services.js,be58d1ade4a8ccab9fb53e560093ba9a,be58d1ade4a8ccab9fb53e560093ba9a,be58d1ade4a8ccab9fb53e560093ba9a,be58d1ade4a8ccab9fb53e560093ba9a,be58d1ade4a8ccab9fb53e560093ba9a,173253899de2da8a3ac35717c6597dfd,173253899de2da8a3ac35717c6597dfd,be58d1ade4a8ccab9fb53e560093ba9a
/language/Norwegian.js,35ec6a0bbcd6859f06ee3a1ebfd5097e,35ec6a0bbcd6859f06ee3a1ebfd5097e,35ec6a0bbcd6859f06ee3a1ebfd5097e,dcb924929b231cd63967aeec4e7f0bb4,79ba47c950601a10c184c8451356df98,79ba47c950601a10c184c8451356df98,79ba47c950601a10c184c8451356df98,35ec6a0bbcd6859f06ee3a1ebfd5097e
/style/hijack_03A_D_bigpond.css,65d18f903dbb301ab867c67cd7bbc76c,65d18f903dbb301ab867c67cd7bbc76c,65d18f903dbb301ab867c67cd7bbc76c,65d18f903dbb301ab867c67cd7bbc76c,65d18f903dbb301ab867c67cd7bbc76c,65d18f903dbb301ab867c67cd7bbc76c,65d18f903dbb301ab867c67cd7bbc76c,65d18f903dbb301ab867c67cd7bbc76c
/wlan_adv.js,bf1d9dff1f2e15182c069249fe667bd5,bf1d9dff1f2e15182c069249fe667bd5,bf1d9dff1f2e15182c069249fe667bd5,bf1d9dff1f2e15182c069249fe667bd5,bf1d9dff1f2e15182c069249fe667bd5,bf1d9dff1f2e15182c069249fe667bd5,bf1d9dff1f2e15182c069249fe667bd5,bf1d9dff1f2e15182c069249fe667bd5
/script/brs_04_B_checkNet.js,45c162fd11351fd150d66a66e0bc2850,45c162fd11351fd150d66a66e0bc2850,45c162fd11351fd150d66a66e0bc2850,39cdc77dc70f7327c8eec5faddefccf5,39cdc77dc70f7327c8eec5faddefccf5,39cdc77dc70f7327c8eec5faddefccf5,39cdc77dc70f7327c8eec5faddefccf5,45c162fd11351fd150d66a66e0bc2850
/bas_mulpppoe.js,039d701a3a7bf2378645e48b1ade3cd0,039d701a3a7bf2378645e48b1ade3cd0,039d701a3a7bf2378645e48b1ade3cd0,039d701a3a7bf2378645e48b1ade3cd0,039d701a3a7bf2378645e48b1ade3cd0,e54aff8f5021daebf51b7a9856b4d074,e54aff8f5021daebf51b7a9856b4d074,039d701a3a7bf2378645e48b1ade3cd0
/script/brs_hijack_03B_haveBackupFile_fileRestore.js,6c22aae072fc2ed856f62a538dcde381,6c22aae072fc2ed856f62a538dcde381,6c22aae072fc2ed856f62a538dcde381,6c22aae072fc2ed856f62a538dcde381,6c22aae072fc2ed856f62a538dcde381,6c22aae072fc2ed856f62a538dcde381,6c22aae072fc2ed856f62a538dcde381,6c22aae072fc2ed856f62a538dcde381
/remote.js,57907961e9c4a48a95834a2fa6a901a8,57907961e9c4a48a95834a2fa6a901a8,57907961e9c4a48a95834a2fa6a901a8,57907961e9c4a48a95834a2fa6a901a8,57907961e9c4a48a95834a2fa6a901a8,bd49c3d61604feabf4512e07447d3466,bd49c3d61604feabf4512e07447d3466,57907961e9c4a48a95834a2fa6a901a8
/script/brs_hijack_wanlan_conflict.js,0c189b13c1dd089b1841b0e2ade92799,0c189b13c1dd089b1841b0e2ade92799,0c189b13c1dd089b1841b0e2ade92799,0c189b13c1dd089b1841b0e2ade92799,0c189b13c1dd089b1841b0e2ade92799,0c189b13c1dd089b1841b0e2ade92799,0c189b13c1dd089b1841b0e2ade92799,0c189b13c1dd089b1841b0e2ade92799
/language/Russian.js,3b04b348ce86d72fa76e88b61da01cc3,3b04b348ce86d72fa76e88b61da01cc3,3b04b348ce86d72fa76e88b61da01cc3,875812cb850c5f27bf433f3a87d7b4e2,4267fa19afcb7cc6808da2f0c966bf1e,4267fa19afcb7cc6808da2f0c966bf1e,4267fa19afcb7cc6808da2f0c966bf1e,3b04b348ce86d72fa76e88b61da01cc3
/script/brs_00_03_ap_setup.js,c3292ca005e549ae6a12f26f3a405413,c3292ca005e549ae6a12f26f3a405413,c3292ca005e549ae6a12f26f3a405413,c3292ca005e549ae6a12f26f3a405413,c3292ca005e549ae6a12f26f3a405413,c3292ca005e549ae6a12f26f3a405413,c3292ca005e549ae6a12f26f3a405413,c3292ca005e549ae6a12f26f3a405413
/language/Romanian.js,a08d930519c9e42310e763d3cbcf4014,a08d930519c9e42310e763d3cbcf4014,a08d930519c9e42310e763d3cbcf4014,c119ffaa7836ca0229ee93661e68f952,4a067c16d6f4e03b9bf7db71676387f5,4a067c16d6f4e03b9bf7db71676387f5,4a067c16d6f4e03b9bf7db71676387f5,a08d930519c9e42310e763d3cbcf4014
/ipv6_fixed.js,f72ea4a0a2874e2492814a55facd58ac,f72ea4a0a2874e2492814a55facd58ac,f72ea4a0a2874e2492814a55facd58ac,f72ea4a0a2874e2492814a55facd58ac,f72ea4a0a2874e2492814a55facd58ac,f72ea4a0a2874e2492814a55facd58ac,f72ea4a0a2874e2492814a55facd58ac,f72ea4a0a2874e2492814a55facd58ac
/image/wl_ap.gif,6ce5a381fe54e6a18dfcfbb3315ecf7d,6ce5a381fe54e6a18dfcfbb3315ecf7d,526dbeda82fd865c096d51e9fa52f0de,526dbeda82fd865c096d51e9fa52f0de,526dbeda82fd865c096d51e9fa52f0de,526dbeda82fd865c096d51e9fa52f0de,526dbeda82fd865c096d51e9fa52f0de,6ce5a381fe54e6a18dfcfbb3315ecf7d
/bas_l2tp.js,2f7439b3e0463ae6ff48ceda9944036a,2f7439b3e0463ae6ff48ceda9944036a,2f7439b3e0463ae6ff48ceda9944036a,2f7439b3e0463ae6ff48ceda9944036a,2f7439b3e0463ae6ff48ceda9944036a,2f7439b3e0463ae6ff48ceda9944036a,2f7439b3e0463ae6ff48ceda9944036a,2f7439b3e0463ae6ff48ceda9944036a
/image/footer/search_button_middle.gif,db59db9c4ee82d0796afd90a5b77a3ce,db59db9c4ee82d0796afd90a5b77a3ce,db59db9c4ee82d0796afd90a5b77a3ce,db59db9c4ee82d0796afd90a5b77a3ce,db59db9c4ee82d0796afd90a5b77a3ce,db59db9c4ee82d0796afd90a5b77a3ce,db59db9c4ee82d0796afd90a5b77a3ce,db59db9c4ee82d0796afd90a5b77a3ce
/image/basic_homes.gif,bf28e21f64ba8ad4993e7466e4c671f5,bf28e21f64ba8ad4993e7466e4c671f5,bf28e21f64ba8ad4993e7466e4c671f5,bf28e21f64ba8ad4993e7466e4c671f5,bf28e21f64ba8ad4993e7466e4c671f5,bf28e21f64ba8ad4993e7466e4c671f5,bf28e21f64ba8ad4993e7466e4c671f5,bf28e21f64ba8ad4993e7466e4c671f5
/language/Korean.js,749a04ccd49c4dd16593f2b7e2fc0bf3,749a04ccd49c4dd16593f2b7e2fc0bf3,749a04ccd49c4dd16593f2b7e2fc0bf3,da3eb0eef8851aba38494871bdcd4574,9d9b8f9800fcd7deebdb270349de4e58,9d9b8f9800fcd7deebdb270349de4e58,9d9b8f9800fcd7deebdb270349de4e58,749a04ccd49c4dd16593f2b7e2fc0bf3
/script/brs_hijack_03A_C_pptp.js,a8442a6ccb986136851845c81356b548,a8442a6ccb986136851845c81356b548,a8442a6ccb986136851845c81356b548,a8442a6ccb986136851845c81356b548,a8442a6ccb986136851845c81356b548,a8442a6ccb986136851845c81356b548,a8442a6ccb986136851845c81356b548,a8442a6ccb986136851845c81356b548
/image/ca_purple_long_button.gif,63ff27c9f6f4c4d8b7df319399439089,63ff27c9f6f4c4d8b7df319399439089,63ff27c9f6f4c4d8b7df319399439089,63ff27c9f6f4c4d8b7df319399439089,63ff27c9f6f4c4d8b7df319399439089,63ff27c9f6f4c4d8b7df319399439089,63ff27c9f6f4c4d8b7df319399439089,63ff27c9f6f4c4d8b7df319399439089
/image/open_list.gif,42f9e0a386fc281baa613b1eafc01336,42f9e0a386fc281baa613b1eafc01336,42f9e0a386fc281baa613b1eafc01336,42f9e0a386fc281baa613b1eafc01336,42f9e0a386fc281baa613b1eafc01336,42f9e0a386fc281baa613b1eafc01336,42f9e0a386fc281baa613b1eafc01336,42f9e0a386fc281baa613b1eafc01336
/image/help/help-bar.gif,521c9c545ab5445cf4c9b07d3dc24337,521c9c545ab5445cf4c9b07d3dc24337,521c9c545ab5445cf4c9b07d3dc24337,521c9c545ab5445cf4c9b07d3dc24337,521c9c545ab5445cf4c9b07d3dc24337,521c9c545ab5445cf4c9b07d3dc24337,521c9c545ab5445cf4c9b07d3dc24337,521c9c545ab5445cf4c9b07d3dc24337
/script/brs_hijack_03B_haveBackupFile_waitReboot.js,5d6f389b25100cd9a546bbfcebcbff53,5d6f389b25100cd9a546bbfcebcbff53,5d6f389b25100cd9a546bbfcebcbff53,5d6f389b25100cd9a546bbfcebcbff53,5d6f389b25100cd9a546bbfcebcbff53,5d6f389b25100cd9a546bbfcebcbff53,5d6f389b25100cd9a546bbfcebcbff53,5d6f389b25100cd9a546bbfcebcbff53
/language/Greek.js,05ba52e818f236e1b8dd2b5fff12a647,05ba52e818f236e1b8dd2b5fff12a647,05ba52e818f236e1b8dd2b5fff12a647,109a561dfc5c0898f41ee52c59c90fd0,3a435fe7e1fd09664eade82a0287486d,3a435fe7e1fd09664eade82a0287486d,3a435fe7e1fd09664eade82a0287486d,05ba52e818f236e1b8dd2b5fff12a647
/image/x.png,a2fd030c6bce2ed8ad34f50cb393ec8b,a2fd030c6bce2ed8ad34f50cb393ec8b,a2fd030c6bce2ed8ad34f50cb393ec8b,a2fd030c6bce2ed8ad34f50cb393ec8b,a2fd030c6bce2ed8ad34f50cb393ec8b,a2fd030c6bce2ed8ad34f50cb393ec8b,a2fd030c6bce2ed8ad34f50cb393ec8b,a2fd030c6bce2ed8ad34f50cb393ec8b
/image/tops.gif,641c80eb338956b4276f215305d344f6,641c80eb338956b4276f215305d344f6,641c80eb338956b4276f215305d344f6,641c80eb338956b4276f215305d344f6,641c80eb338956b4276f215305d344f6,641c80eb338956b4276f215305d344f6,641c80eb338956b4276f215305d344f6,641c80eb338956b4276f215305d344f6
/language/Swedish.js,24deff9f0143e081ac115d28330e134b,24deff9f0143e081ac115d28330e134b,24deff9f0143e081ac115d28330e134b,ebe7774faa1c0d458fbb8d1c3b7a2147,e9676c70cfd31c055ca238d6fb52c235,e9676c70cfd31c055ca238d6fb52c235,e9676c70cfd31c055ca238d6fb52c235,24deff9f0143e081ac115d28330e134b
/languages-en.js,d980b9d9185a944691ddc9562d49bea2,dfb3f0d2dc28f39f38e140065bf2dbd2,dfb3f0d2dc28f39f38e140065bf2dbd2,dfb3f0d2dc28f39f38e140065bf2dbd2,dfb3f0d2dc28f39f38e140065bf2dbd2,dfb3f0d2dc28f39f38e140065bf2dbd2,dfb3f0d2dc28f39f38e140065bf2dbd2,d980b9d9185a944691ddc9562d49bea2
/script/setup_wizard_noWan_retry.js,e1aa38621cf384e1942bbe305e75a503,e1aa38621cf384e1942bbe305e75a503,e1aa38621cf384e1942bbe305e75a503,e1aa38621cf384e1942bbe305e75a503,e1aa38621cf384e1942bbe305e75a503,e1aa38621cf384e1942bbe305e75a503,e1aa38621cf384e1942bbe305e75a503,e1aa38621cf384e1942bbe305e75a503
/image/help/help_up.gif,1a8b5d195ba814d4fd9405f93bfa21fe,1a8b5d195ba814d4fd9405f93bfa21fe,1a8b5d195ba814d4fd9405f93bfa21fe,1a8b5d195ba814d4fd9405f93bfa21fe,1a8b5d195ba814d4fd9405f93bfa21fe,1a8b5d195ba814d4fd9405f93bfa21fe,1a8b5d195ba814d4fd9405f93bfa21fe,1a8b5d195ba814d4fd9405f93bfa21fe
/style/hijack_03A_E_IP_problem_staticIP_A_inputIP.css,45b050ed6235b7ce301f2c3b91752e84,93ef7c3a7afa5f61105614d772e0bccd,93ef7c3a7afa5f61105614d772e0bccd,93ef7c3a7afa5f61105614d772e0bccd,93ef7c3a7afa5f61105614d772e0bccd,93ef7c3a7afa5f61105614d772e0bccd,93ef7c3a7afa5f61105614d772e0bccd,45b050ed6235b7ce301f2c3b91752e84
/image/powerd-by-logo.png,fbab381a13081c039ac49269c5e39df7,fbab381a13081c039ac49269c5e39df7,fbab381a13081c039ac49269c5e39df7,fbab381a13081c039ac49269c5e39df7,fbab381a13081c039ac49269c5e39df7,fbab381a13081c039ac49269c5e39df7,fbab381a13081c039ac49269c5e39df7,fbab381a13081c039ac49269c5e39df7
/block_sites.js,bd87598210e27a1338b7accaff5717f3,bd87598210e27a1338b7accaff5717f3,bd87598210e27a1338b7accaff5717f3,bd87598210e27a1338b7accaff5717f3,bd87598210e27a1338b7accaff5717f3,bd87598210e27a1338b7accaff5717f3,bd87598210e27a1338b7accaff5717f3,bd87598210e27a1338b7accaff5717f3
/image/menus.gif,d64b423d85d2e0052d2a7f6217604227,d64b423d85d2e0052d2a7f6217604227,d64b423d85d2e0052d2a7f6217604227,d64b423d85d2e0052d2a7f6217604227,d64b423d85d2e0052d2a7f6217604227,d64b423d85d2e0052d2a7f6217604227,d64b423d85d2e0052d2a7f6217604227,d64b423d85d2e0052d2a7f6217604227
/image/wait30.gif,ef7c17eba1fdc2d32922f3d5a71ccec0,ef7c17eba1fdc2d32922f3d5a71ccec0,ef7c17eba1fdc2d32922f3d5a71ccec0,ef7c17eba1fdc2d32922f3d5a71ccec0,ef7c17eba1fdc2d32922f3d5a71ccec0,ef7c17eba1fdc2d32922f3d5a71ccec0,ef7c17eba1fdc2d32922f3d5a71ccec0,ef7c17eba1fdc2d32922f3d5a71ccec0
/basic.js,c0b3e3aabdc8e9d202756469df14da2f,c0b3e3aabdc8e9d202756469df14da2f,c0b3e3aabdc8e9d202756469df14da2f,c0b3e3aabdc8e9d202756469df14da2f,c0b3e3aabdc8e9d202756469df14da2f,c0b3e3aabdc8e9d202756469df14da2f,c0b3e3aabdc8e9d202756469df14da2f,c0b3e3aabdc8e9d202756469df14da2f
/image/help/help-bar-icon.gif,c69f071b7d2245be8ec456ff77e7107e,c69f071b7d2245be8ec456ff77e7107e,c69f071b7d2245be8ec456ff77e7107e,c69f071b7d2245be8ec456ff77e7107e,c69f071b7d2245be8ec456ff77e7107e,c69f071b7d2245be8ec456ff77e7107e,c69f071b7d2245be8ec456ff77e7107e,c69f071b7d2245be8ec456ff77e7107e
/str_router.js,650a8d965c4d5cfe0222ccc119949662,650a8d965c4d5cfe0222ccc119949662,650a8d965c4d5cfe0222ccc119949662,650a8d965c4d5cfe0222ccc119949662,650a8d965c4d5cfe0222ccc119949662,fba593a1e26072522aecd93fd8adab89,fba593a1e26072522aecd93fd8adab89,650a8d965c4d5cfe0222ccc119949662
/language/Dutch.js,b6af0faa50861d3ad48c44f23a17e0d9,b6af0faa50861d3ad48c44f23a17e0d9,b6af0faa50861d3ad48c44f23a17e0d9,739d9a742c754866cf2f2a2c127a306b,51e0a00c652c13e2ae429ba831a1ca87,51e0a00c652c13e2ae429ba831a1ca87,51e0a00c652c13e2ae429ba831a1ca87,b6af0faa50861d3ad48c44f23a17e0d9
/style/help.css,a0ae06b3e66df8dd187557d17c00951b,a0ae06b3e66df8dd187557d17c00951b,a0ae06b3e66df8dd187557d17c00951b,a0ae06b3e66df8dd187557d17c00951b,a0ae06b3e66df8dd187557d17c00951b,a0ae06b3e66df8dd187557d17c00951b,a0ae06b3e66df8dd187557d17c00951b,a0ae06b3e66df8dd187557d17c00951b
/script/brs_00_02_ap_select.js,fd41ff4c295cc543411cee69ca752b3e,fd41ff4c295cc543411cee69ca752b3e,fd41ff4c295cc543411cee69ca752b3e,fd41ff4c295cc543411cee69ca752b3e,fd41ff4c295cc543411cee69ca752b3e,fd41ff4c295cc543411cee69ca752b3e,fd41ff4c295cc543411cee69ca752b3e,fd41ff4c295cc543411cee69ca752b3e
/style/hijack_ru_welcome.css,e473f59ad3380f637b8499626ae704a3,e473f59ad3380f637b8499626ae704a3,e473f59ad3380f637b8499626ae704a3,e473f59ad3380f637b8499626ae704a3,e473f59ad3380f637b8499626ae704a3,e473f59ad3380f637b8499626ae704a3,e473f59ad3380f637b8499626ae704a3,e473f59ad3380f637b8499626ae704a3
/script/brs_hijack_04_applySettings.js,7cb7e2f0395a23f0cbd40dc4e1371637,7cb7e2f0395a23f0cbd40dc4e1371637,7cb7e2f0395a23f0cbd40dc4e1371637,7cb7e2f0395a23f0cbd40dc4e1371637,7cb7e2f0395a23f0cbd40dc4e1371637,7cb7e2f0395a23f0cbd40dc4e1371637,7cb7e2f0395a23f0cbd40dc4e1371637,7cb7e2f0395a23f0cbd40dc4e1371637
/style/top.css,14c672bf0c3d0d16371fb7847dbb576f,14c672bf0c3d0d16371fb7847dbb576f,14c672bf0c3d0d16371fb7847dbb576f,14c672bf0c3d0d16371fb7847dbb576f,14c672bf0c3d0d16371fb7847dbb576f,14c672bf0c3d0d16371fb7847dbb576f,14c672bf0c3d0d16371fb7847dbb576f,14c672bf0c3d0d16371fb7847dbb576f
/script/brs_hijack_03A_E_IP_problem_staticIP_A_inputIP.js,1e345b2e30d9705ec64ee48fb34c4770,1e345b2e30d9705ec64ee48fb34c4770,1e345b2e30d9705ec64ee48fb34c4770,1e345b2e30d9705ec64ee48fb34c4770,1e345b2e30d9705ec64ee48fb34c4770,1e345b2e30d9705ec64ee48fb34c4770,1e345b2e30d9705ec64ee48fb34c4770,1e345b2e30d9705ec64ee48fb34c4770
/image/hijack_buttons.gif,f44e82713dc4c6621e08b298f37aa601,f44e82713dc4c6621e08b298f37aa601,f44e82713dc4c6621e08b298f37aa601,f44e82713dc4c6621e08b298f37aa601,f44e82713dc4c6621e08b298f37aa601,f44e82713dc4c6621e08b298f37aa601,f44e82713dc4c6621e08b298f37aa601,f44e82713dc4c6621e08b298f37aa601
/email.js,a33cd7d6f07fd18b40c3cbc2477be2cc,a33cd7d6f07fd18b40c3cbc2477be2cc,a33cd7d6f07fd18b40c3cbc2477be2cc,a33cd7d6f07fd18b40c3cbc2477be2cc,a33cd7d6f07fd18b40c3cbc2477be2cc,a33cd7d6f07fd18b40c3cbc2477be2cc,a33cd7d6f07fd18b40c3cbc2477be2cc,a33cd7d6f07fd18b40c3cbc2477be2cc
/traffic.js,0bf1fc4ca71f49732cb4327c0061cea2,0bf1fc4ca71f49732cb4327c0061cea2,0bf1fc4ca71f49732cb4327c0061cea2,0bf1fc4ca71f49732cb4327c0061cea2,0bf1fc4ca71f49732cb4327c0061cea2,0bf1fc4ca71f49732cb4327c0061cea2,0bf1fc4ca71f49732cb4327c0061cea2,0bf1fc4ca71f49732cb4327c0061cea2
/language/Spanish.js,91a87777c9ad49c365a3c22db846e3eb,91a87777c9ad49c365a3c22db846e3eb,91a87777c9ad49c365a3c22db846e3eb,a9b0d542fc5f9a015a42c15b8c836154,bec022860872872259e53508677278c0,bec022860872872259e53508677278c0,bec022860872872259e53508677278c0,91a87777c9ad49c365a3c22db846e3eb
/backup.js,0af3b5cc4cb86192284bcaca76058abb,0af3b5cc4cb86192284bcaca76058abb,0af3b5cc4cb86192284bcaca76058abb,a2d5e2333543c51e0ab490394c79e279,a2d5e2333543c51e0ab490394c79e279,a2d5e2333543c51e0ab490394c79e279,a2d5e2333543c51e0ab490394c79e279,0af3b5cc4cb86192284bcaca76058abb
/image/ca-little-purple-button.gif,91006740de72ec3ab6ffdd405e306c08,91006740de72ec3ab6ffdd405e306c08,91006740de72ec3ab6ffdd405e306c08,91006740de72ec3ab6ffdd405e306c08,91006740de72ec3ab6ffdd405e306c08,404,404,91006740de72ec3ab6ffdd405e306c08
/qos.js,79c98bcc3b286f79521523dcbce48bac,cf1f6d4c551eaaad6603d882a2de232a,cf1f6d4c551eaaad6603d882a2de232a,cf1f6d4c551eaaad6603d882a2de232a,cf1f6d4c551eaaad6603d882a2de232a,8ac08ec2854da625fffa0fb66298d6a5,8ac08ec2854da625fffa0fb66298d6a5,79c98bcc3b286f79521523dcbce48bac
/script/brs_hijack_plzWait.js,1e40159d0277bc66f7d954ea47b65f1d,1e40159d0277bc66f7d954ea47b65f1d,1e40159d0277bc66f7d954ea47b65f1d,1e40159d0277bc66f7d954ea47b65f1d,1e40159d0277bc66f7d954ea47b65f1d,1e40159d0277bc66f7d954ea47b65f1d,1e40159d0277bc66f7d954ea47b65f1d,1e40159d0277bc66f7d954ea47b65f1d
/language/Polish.js,c85b427eaa2cebd105d14681bfd1ef87,c85b427eaa2cebd105d14681bfd1ef87,c85b427eaa2cebd105d14681bfd1ef87,fea62f2441d963f47bdbc6a73b65fc21,d91bc9d7433da9c0dc4c5d20ef32a3cb,d91bc9d7433da9c0dc4c5d20ef32a3cb,d91bc9d7433da9c0dc4c5d20ef32a3cb,c85b427eaa2cebd105d14681bfd1ef87
/style/hijack_03A_E_IP_problem_staticIP_B_macClone.css,50632f4729e8c4d1b07b1d3f1961373d,50632f4729e8c4d1b07b1d3f1961373d,50632f4729e8c4d1b07b1d3f1961373d,50632f4729e8c4d1b07b1d3f1961373d,50632f4729e8c4d1b07b1d3f1961373d,50632f4729e8c4d1b07b1d3f1961373d,50632f4729e8c4d1b07b1d3f1961373d,50632f4729e8c4d1b07b1d3f1961373d
/advanced.js,c6ee49267f2dcc253d60ac82dde6e911,c6ee49267f2dcc253d60ac82dde6e911,c6ee49267f2dcc253d60ac82dde6e911,33f8e37e0b4ff083bccfd170355f00da,33f8e37e0b4ff083bccfd170355f00da,33f8e37e0b4ff083bccfd170355f00da,33f8e37e0b4ff083bccfd170355f00da,c6ee49267f2dcc253d60ac82dde6e911
/style/internet.css,463be3a5cde3e5eadb22ee37b6f3e40b,463be3a5cde3e5eadb22ee37b6f3e40b,463be3a5cde3e5eadb22ee37b6f3e40b,463be3a5cde3e5eadb22ee37b6f3e40b,463be3a5cde3e5eadb22ee37b6f3e40b,404,404,463be3a5cde3e5eadb22ee37b6f3e40b
/image/oneline.gif,d158cd7fce14b146cd0a23e154007637,d158cd7fce14b146cd0a23e154007637,d158cd7fce14b146cd0a23e154007637,d158cd7fce14b146cd0a23e154007637,d158cd7fce14b146cd0a23e154007637,d158cd7fce14b146cd0a23e154007637,d158cd7fce14b146cd0a23e154007637,d158cd7fce14b146cd0a23e154007637
/image/ca-little-green-buitton.gif,65c569a0aa1aac029fb26b24dfb90b7e,65c569a0aa1aac029fb26b24dfb90b7e,65c569a0aa1aac029fb26b24dfb90b7e,65c569a0aa1aac029fb26b24dfb90b7e,65c569a0aa1aac029fb26b24dfb90b7e,404,404,65c569a0aa1aac029fb26b24dfb90b7e
/language/Chinese.js,c200e69fd3f3c20005bbada464746615,c200e69fd3f3c20005bbada464746615,c200e69fd3f3c20005bbada464746615,bd2c9e0ff631c805641d668b37c5b7a9,2352a015aa971169df902eca5b315df4,2352a015aa971169df902eca5b315df4,2352a015aa971169df902eca5b315df4,c200e69fd3f3c20005bbada464746615
/style/hijack_ru_finish_manual.css,7653bf2fc81fff0d7985c143d3a8dec0,7653bf2fc81fff0d7985c143d3a8dec0,7653bf2fc81fff0d7985c143d3a8dec0,7653bf2fc81fff0d7985c143d3a8dec0,7653bf2fc81fff0d7985c143d3a8dec0,7653bf2fc81fff0d7985c143d3a8dec0,7653bf2fc81fff0d7985c143d3a8dec0,7653bf2fc81fff0d7985c143d3a8dec0
/style/advanced.css,30713ab396bb68527fa559d30214bc25,30713ab396bb68527fa559d30214bc25,30713ab396bb68527fa559d30214bc25,30713ab396bb68527fa559d30214bc25,30713ab396bb68527fa559d30214bc25,30713ab396bb68527fa559d30214bc25,30713ab396bb68527fa559d30214bc25,30713ab396bb68527fa559d30214bc25
