,_NBG-419N_1.00(BFQ.0)C0.zip.extracted,_NBG-419N_1.00(BFQ.1)C0.zip.extracted,_NBG-419N_1.00(BFQ.2)C0.zip.extracted,_NBG-419N_1.00(BFQ.3)C0.zip.extracted,_NBG-419N_1.00(BFQ.4)C0.zip.extracted,_NBG-419N_1.00(BFQ.5)C0.rar.extracted,_NBG-419N_1.00(BFQ.6)C0.zip.extracted,_NBG-419N_1.00(BFQ.7)C0.zip.extracted
/local/advance/images/minusbottom.gif,661779db77e8d579e53eb5136cb4cfd6,661779db77e8d579e53eb5136cb4cfd6,661779db77e8d579e53eb5136cb4cfd6,661779db77e8d579e53eb5136cb4cfd6,661779db77e8d579e53eb5136cb4cfd6,661779db77e8d579e53eb5136cb4cfd6,661779db77e8d579e53eb5136cb4cfd6,661779db77e8d579e53eb5136cb4cfd6
/local/advance/images/popup_main_right.gif,e35b6aa38b89fa7d2780558231d58ccc,e35b6aa38b89fa7d2780558231d58ccc,e35b6aa38b89fa7d2780558231d58ccc,e35b6aa38b89fa7d2780558231d58ccc,e35b6aa38b89fa7d2780558231d58ccc,e35b6aa38b89fa7d2780558231d58ccc,e35b6aa38b89fa7d2780558231d58ccc,e35b6aa38b89fa7d2780558231d58ccc
/local/advance/images/popup_top_right.gif,436fe594ac886b48d1f28d03bb93de7b,436fe594ac886b48d1f28d03bb93de7b,436fe594ac886b48d1f28d03bb93de7b,436fe594ac886b48d1f28d03bb93de7b,436fe594ac886b48d1f28d03bb93de7b,436fe594ac886b48d1f28d03bb93de7b,436fe594ac886b48d1f28d03bb93de7b,436fe594ac886b48d1f28d03bb93de7b
/local/images/i_game.gif,af4b48a105264acb6c2858ff9c89a7e0,af4b48a105264acb6c2858ff9c89a7e0,af4b48a105264acb6c2858ff9c89a7e0,af4b48a105264acb6c2858ff9c89a7e0,af4b48a105264acb6c2858ff9c89a7e0,af4b48a105264acb6c2858ff9c89a7e0,af4b48a105264acb6c2858ff9c89a7e0,af4b48a105264acb6c2858ff9c89a7e0
/local/images/network/rightarrow.gif,09738370c5d48a746fc897b85871bef2,09738370c5d48a746fc897b85871bef2,09738370c5d48a746fc897b85871bef2,09738370c5d48a746fc897b85871bef2,09738370c5d48a746fc897b85871bef2,09738370c5d48a746fc897b85871bef2,09738370c5d48a746fc897b85871bef2,09738370c5d48a746fc897b85871bef2
/local/images/air.gif,b10f4c025af0cc7ab0bf788c7775dc47,b10f4c025af0cc7ab0bf788c7775dc47,b10f4c025af0cc7ab0bf788c7775dc47,b10f4c025af0cc7ab0bf788c7775dc47,b10f4c025af0cc7ab0bf788c7775dc47,b10f4c025af0cc7ab0bf788c7775dc47,b10f4c025af0cc7ab0bf788c7775dc47,b10f4c025af0cc7ab0bf788c7775dc47
/local/advance/images/button_right.gif,79fcbfc961de4ee9b42a868b1bfadedc,79fcbfc961de4ee9b42a868b1bfadedc,79fcbfc961de4ee9b42a868b1bfadedc,79fcbfc961de4ee9b42a868b1bfadedc,79fcbfc961de4ee9b42a868b1bfadedc,79fcbfc961de4ee9b42a868b1bfadedc,79fcbfc961de4ee9b42a868b1bfadedc,79fcbfc961de4ee9b42a868b1bfadedc
/local/advance/images/vr_bg_center.gif,3a9298a0a582eaf2fa708861105d0534,3a9298a0a582eaf2fa708861105d0534,3a9298a0a582eaf2fa708861105d0534,3a9298a0a582eaf2fa708861105d0534,3a9298a0a582eaf2fa708861105d0534,3a9298a0a582eaf2fa708861105d0534,3a9298a0a582eaf2fa708861105d0534,3a9298a0a582eaf2fa708861105d0534
/local/advance/vpn.html,404,67821897672b5520edc8010bcfcfd2d6,67821897672b5520edc8010bcfcfd2d6,67821897672b5520edc8010bcfcfd2d6,67821897672b5520edc8010bcfcfd2d6,67821897672b5520edc8010bcfcfd2d6,67821897672b5520edc8010bcfcfd2d6,67821897672b5520edc8010bcfcfd2d6
/local/advance/images/b_config.gif,900ab0333ff277448196629b0626d9c0,900ab0333ff277448196629b0626d9c0,900ab0333ff277448196629b0626d9c0,900ab0333ff277448196629b0626d9c0,900ab0333ff277448196629b0626d9c0,900ab0333ff277448196629b0626d9c0,900ab0333ff277448196629b0626d9c0,900ab0333ff277448196629b0626d9c0
/local/images/button.jpg,a09da3a08620857ecae30020f10cacbf,a09da3a08620857ecae30020f10cacbf,a09da3a08620857ecae30020f10cacbf,a09da3a08620857ecae30020f10cacbf,a09da3a08620857ecae30020f10cacbf,a09da3a08620857ecae30020f10cacbf,a09da3a08620857ecae30020f10cacbf,a09da3a08620857ecae30020f10cacbf
/local/images/network/i_modem.gif,3657154ac39a24a3f183a6947ec5eef4,3657154ac39a24a3f183a6947ec5eef4,3657154ac39a24a3f183a6947ec5eef4,3657154ac39a24a3f183a6947ec5eef4,3657154ac39a24a3f183a6947ec5eef4,3657154ac39a24a3f183a6947ec5eef4,3657154ac39a24a3f183a6947ec5eef4,3657154ac39a24a3f183a6947ec5eef4
/local/images/i_wps_right_on.jpg,290cc746bf3df9231a9f658df16d5607,290cc746bf3df9231a9f658df16d5607,290cc746bf3df9231a9f658df16d5607,290cc746bf3df9231a9f658df16d5607,290cc746bf3df9231a9f658df16d5607,290cc746bf3df9231a9f658df16d5607,290cc746bf3df9231a9f658df16d5607,290cc746bf3df9231a9f658df16d5607
/local/advance/images/i_home.gif,f22e4838f0c0443a609493a0fc98657e,f22e4838f0c0443a609493a0fc98657e,f22e4838f0c0443a609493a0fc98657e,f22e4838f0c0443a609493a0fc98657e,f22e4838f0c0443a609493a0fc98657e,f22e4838f0c0443a609493a0fc98657e,f22e4838f0c0443a609493a0fc98657e,f22e4838f0c0443a609493a0fc98657e
/lang/b28n.js,0e9027e48a7602df8c98064a5d702ff9,0e9027e48a7602df8c98064a5d702ff9,c24de47b8f0b5bdc7638cb149163afb3,c24de47b8f0b5bdc7638cb149163afb3,c24de47b8f0b5bdc7638cb149163afb3,c24de47b8f0b5bdc7638cb149163afb3,c24de47b8f0b5bdc7638cb149163afb3,c24de47b8f0b5bdc7638cb149163afb3
/local/images/index_bg.jpg,d7fa33f1aa3323aadaacdd380d5bfba9,d7fa33f1aa3323aadaacdd380d5bfba9,d7fa33f1aa3323aadaacdd380d5bfba9,d7fa33f1aa3323aadaacdd380d5bfba9,d7fa33f1aa3323aadaacdd380d5bfba9,d7fa33f1aa3323aadaacdd380d5bfba9,d7fa33f1aa3323aadaacdd380d5bfba9,d7fa33f1aa3323aadaacdd380d5bfba9
/local/images/i_firewall.gif,0bd8673d86d5d4014f7b74e32b4c4a7b,0bd8673d86d5d4014f7b74e32b4c4a7b,0bd8673d86d5d4014f7b74e32b4c4a7b,0bd8673d86d5d4014f7b74e32b4c4a7b,0bd8673d86d5d4014f7b74e32b4c4a7b,0bd8673d86d5d4014f7b74e32b4c4a7b,0bd8673d86d5d4014f7b74e32b4c4a7b,0bd8673d86d5d4014f7b74e32b4c4a7b
/local/advance/images/i_maintenance.jpg,82a3563e6dd8fd59534b54bb9f577946,82a3563e6dd8fd59534b54bb9f577946,82a3563e6dd8fd59534b54bb9f577946,82a3563e6dd8fd59534b54bb9f577946,82a3563e6dd8fd59534b54bb9f577946,82a3563e6dd8fd59534b54bb9f577946,82a3563e6dd8fd59534b54bb9f577946,82a3563e6dd8fd59534b54bb9f577946
/nointernet_bg.gif,49b7dd585035ae007c153fd4d3f4f883,49b7dd585035ae007c153fd4d3f4f883,49b7dd585035ae007c153fd4d3f4f883,49b7dd585035ae007c153fd4d3f4f883,49b7dd585035ae007c153fd4d3f4f883,49b7dd585035ae007c153fd4d3f4f883,49b7dd585035ae007c153fd4d3f4f883,49b7dd585035ae007c153fd4d3f4f883
/popup_down_right.gif,9392a59c2ad182d8775ef6ed6430dfb1,9392a59c2ad182d8775ef6ed6430dfb1,9392a59c2ad182d8775ef6ed6430dfb1,9392a59c2ad182d8775ef6ed6430dfb1,9392a59c2ad182d8775ef6ed6430dfb1,9392a59c2ad182d8775ef6ed6430dfb1,9392a59c2ad182d8775ef6ed6430dfb1,9392a59c2ad182d8775ef6ed6430dfb1
/local/advance/images/empty.gif,df22aff6e941ff1cc577333d1712b584,df22aff6e941ff1cc577333d1712b584,df22aff6e941ff1cc577333d1712b584,df22aff6e941ff1cc577333d1712b584,df22aff6e941ff1cc577333d1712b584,df22aff6e941ff1cc577333d1712b584,df22aff6e941ff1cc577333d1712b584,df22aff6e941ff1cc577333d1712b584
/index_css.css,4109b72b4747cd616c59a12fea3f4983,4109b72b4747cd616c59a12fea3f4983,4109b72b4747cd616c59a12fea3f4983,4109b72b4747cd616c59a12fea3f4983,8af9c9f2e1dd27d3b038f0af5fc356ea,8af9c9f2e1dd27d3b038f0af5fc356ea,8af9c9f2e1dd27d3b038f0af5fc356ea,8af9c9f2e1dd27d3b038f0af5fc356ea
/local/advance/images/fault.jpg,6e9ff6da931972a7bda7b464f62844ab,6e9ff6da931972a7bda7b464f62844ab,6e9ff6da931972a7bda7b464f62844ab,6e9ff6da931972a7bda7b464f62844ab,6e9ff6da931972a7bda7b464f62844ab,6e9ff6da931972a7bda7b464f62844ab,6e9ff6da931972a7bda7b464f62844ab,6e9ff6da931972a7bda7b464f62844ab
/local/images/network/i_print.gif,e11cf3abc3d5affdb082888cc49a39e5,e11cf3abc3d5affdb082888cc49a39e5,e11cf3abc3d5affdb082888cc49a39e5,e11cf3abc3d5affdb082888cc49a39e5,e11cf3abc3d5affdb082888cc49a39e5,e11cf3abc3d5affdb082888cc49a39e5,e11cf3abc3d5affdb082888cc49a39e5,e11cf3abc3d5affdb082888cc49a39e5
/local/images/network/i_ap.gif,603b51f41b5fd060611a3efd27ec8414,603b51f41b5fd060611a3efd27ec8414,603b51f41b5fd060611a3efd27ec8414,603b51f41b5fd060611a3efd27ec8414,603b51f41b5fd060611a3efd27ec8414,603b51f41b5fd060611a3efd27ec8414,603b51f41b5fd060611a3efd27ec8414,603b51f41b5fd060611a3efd27ec8414
/local/images/network/wireless.gif,c8b2d6ba26fdca490d7bb2a9b887509f,c8b2d6ba26fdca490d7bb2a9b887509f,c8b2d6ba26fdca490d7bb2a9b887509f,c8b2d6ba26fdca490d7bb2a9b887509f,c8b2d6ba26fdca490d7bb2a9b887509f,c8b2d6ba26fdca490d7bb2a9b887509f,c8b2d6ba26fdca490d7bb2a9b887509f,c8b2d6ba26fdca490d7bb2a9b887509f
/local/images/index_bg.gif,a80e91270d81999030555ea8a75e7fdd,a80e91270d81999030555ea8a75e7fdd,a80e91270d81999030555ea8a75e7fdd,a80e91270d81999030555ea8a75e7fdd,a80e91270d81999030555ea8a75e7fdd,a80e91270d81999030555ea8a75e7fdd,a80e91270d81999030555ea8a75e7fdd,a80e91270d81999030555ea8a75e7fdd
/local/advance/images/inside.css,0a73e68e34482e45cc8d2eefc98ce85d,0a73e68e34482e45cc8d2eefc98ce85d,0a73e68e34482e45cc8d2eefc98ce85d,0a73e68e34482e45cc8d2eefc98ce85d,0a73e68e34482e45cc8d2eefc98ce85d,0a73e68e34482e45cc8d2eefc98ce85d,0a73e68e34482e45cc8d2eefc98ce85d,0a73e68e34482e45cc8d2eefc98ce85d
/local/images/i_eazy.jpg,d687a4eb56d40cc955b19431c7e8bf07,d687a4eb56d40cc955b19431c7e8bf07,d687a4eb56d40cc955b19431c7e8bf07,d687a4eb56d40cc955b19431c7e8bf07,d687a4eb56d40cc955b19431c7e8bf07,d687a4eb56d40cc955b19431c7e8bf07,d687a4eb56d40cc955b19431c7e8bf07,d687a4eb56d40cc955b19431c7e8bf07
/local/images/i_close_on.gif,bd8e6f4ce094bfacb9eaf35b48939a17,bd8e6f4ce094bfacb9eaf35b48939a17,bd8e6f4ce094bfacb9eaf35b48939a17,bd8e6f4ce094bfacb9eaf35b48939a17,bd8e6f4ce094bfacb9eaf35b48939a17,bd8e6f4ce094bfacb9eaf35b48939a17,bd8e6f4ce094bfacb9eaf35b48939a17,bd8e6f4ce094bfacb9eaf35b48939a17
/button_right.gif,79fcbfc961de4ee9b42a868b1bfadedc,79fcbfc961de4ee9b42a868b1bfadedc,79fcbfc961de4ee9b42a868b1bfadedc,79fcbfc961de4ee9b42a868b1bfadedc,79fcbfc961de4ee9b42a868b1bfadedc,79fcbfc961de4ee9b42a868b1bfadedc,79fcbfc961de4ee9b42a868b1bfadedc,79fcbfc961de4ee9b42a868b1bfadedc
/local/images/i_login.gif,c4bd1a9f177096acca567090bc43e4f4,c4bd1a9f177096acca567090bc43e4f4,c4bd1a9f177096acca567090bc43e4f4,c4bd1a9f177096acca567090bc43e4f4,c4bd1a9f177096acca567090bc43e4f4,c4bd1a9f177096acca567090bc43e4f4,c4bd1a9f177096acca567090bc43e4f4,c4bd1a9f177096acca567090bc43e4f4
/local/advance/images/popup_down_left.gif,5d90a2fbd101f579b0c3e0d189d87713,5d90a2fbd101f579b0c3e0d189d87713,5d90a2fbd101f579b0c3e0d189d87713,5d90a2fbd101f579b0c3e0d189d87713,5d90a2fbd101f579b0c3e0d189d87713,5d90a2fbd101f579b0c3e0d189d87713,5d90a2fbd101f579b0c3e0d189d87713,5d90a2fbd101f579b0c3e0d189d87713
/temp.html,404,7353d71c6574516b362fc99ee14e7be5,7353d71c6574516b362fc99ee14e7be5,7353d71c6574516b362fc99ee14e7be5,7353d71c6574516b362fc99ee14e7be5,7353d71c6574516b362fc99ee14e7be5,7353d71c6574516b362fc99ee14e7be5,7353d71c6574516b362fc99ee14e7be5
/table.css,a72bafedd59b8c0733c11443c5d7bad1,a72bafedd59b8c0733c11443c5d7bad1,a72bafedd59b8c0733c11443c5d7bad1,a72bafedd59b8c0733c11443c5d7bad1,a72bafedd59b8c0733c11443c5d7bad1,a72bafedd59b8c0733c11443c5d7bad1,a72bafedd59b8c0733c11443c5d7bad1,a72bafedd59b8c0733c11443c5d7bad1
/local/advance/images/table_bottom.gif,5105c75bb663e784e6f11b22d59491ef,5105c75bb663e784e6f11b22d59491ef,5105c75bb663e784e6f11b22d59491ef,5105c75bb663e784e6f11b22d59491ef,5105c75bb663e784e6f11b22d59491ef,5105c75bb663e784e6f11b22d59491ef,5105c75bb663e784e6f11b22d59491ef,5105c75bb663e784e6f11b22d59491ef
/local/advance/images/table_bottom_left.gif,4850205275ae2efea43f93de143aa02d,4850205275ae2efea43f93de143aa02d,4850205275ae2efea43f93de143aa02d,4850205275ae2efea43f93de143aa02d,4850205275ae2efea43f93de143aa02d,4850205275ae2efea43f93de143aa02d,4850205275ae2efea43f93de143aa02d,4850205275ae2efea43f93de143aa02d
/local/advance/ip_advance.html,404,89061d6e8503d2b0336c1d57562ba1dd,89061d6e8503d2b0336c1d57562ba1dd,89061d6e8503d2b0336c1d57562ba1dd,89061d6e8503d2b0336c1d57562ba1dd,89061d6e8503d2b0336c1d57562ba1dd,89061d6e8503d2b0336c1d57562ba1dd,89061d6e8503d2b0336c1d57562ba1dd
/local/advance/images/b_monitor.gif,c88ce7986f64fc91d039e03795a8aceb,c88ce7986f64fc91d039e03795a8aceb,c88ce7986f64fc91d039e03795a8aceb,c88ce7986f64fc91d039e03795a8aceb,c88ce7986f64fc91d039e03795a8aceb,c88ce7986f64fc91d039e03795a8aceb,c88ce7986f64fc91d039e03795a8aceb,c88ce7986f64fc91d039e03795a8aceb
/local/images/frame_right.gif,b9a061a625e36e4f85d7952db9835989,b9a061a625e36e4f85d7952db9835989,b9a061a625e36e4f85d7952db9835989,b9a061a625e36e4f85d7952db9835989,b9a061a625e36e4f85d7952db9835989,b9a061a625e36e4f85d7952db9835989,b9a061a625e36e4f85d7952db9835989,b9a061a625e36e4f85d7952db9835989
/local/game.html,042a4004c7e286e47cf5e65aa27a1251,042a4004c7e286e47cf5e65aa27a1251,042a4004c7e286e47cf5e65aa27a1251,042a4004c7e286e47cf5e65aa27a1251,042a4004c7e286e47cf5e65aa27a1251,042a4004c7e286e47cf5e65aa27a1251,042a4004c7e286e47cf5e65aa27a1251,042a4004c7e286e47cf5e65aa27a1251
/local/images/b_mail_on.gif,7d79e8772a8d83d42cd31ec3dc1f4712,7d79e8772a8d83d42cd31ec3dc1f4712,7d79e8772a8d83d42cd31ec3dc1f4712,7d79e8772a8d83d42cd31ec3dc1f4712,7d79e8772a8d83d42cd31ec3dc1f4712,7d79e8772a8d83d42cd31ec3dc1f4712,7d79e8772a8d83d42cd31ec3dc1f4712,7d79e8772a8d83d42cd31ec3dc1f4712
/local/images/i_arrow.jpg,a066999468c334c3815a5818cbd44a97,a066999468c334c3815a5818cbd44a97,a066999468c334c3815a5818cbd44a97,a066999468c334c3815a5818cbd44a97,a066999468c334c3815a5818cbd44a97,a066999468c334c3815a5818cbd44a97,a066999468c334c3815a5818cbd44a97,a066999468c334c3815a5818cbd44a97
/local/advance/images/i_active_on.gif,f54e7903bd23373d521b8f66f6ffd172,f54e7903bd23373d521b8f66f6ffd172,f54e7903bd23373d521b8f66f6ffd172,f54e7903bd23373d521b8f66f6ffd172,f54e7903bd23373d521b8f66f6ffd172,f54e7903bd23373d521b8f66f6ffd172,f54e7903bd23373d521b8f66f6ffd172,f54e7903bd23373d521b8f66f6ffd172
/DST_new1.js,404,404,404,404,404,7b51374056e654579bd5769d6e74184f,7b51374056e654579bd5769d6e74184f,7b51374056e654579bd5769d6e74184f
/local/images/p_line.gif,bf657e69a4d4103c26f43ba2e2eeb3e1,bf657e69a4d4103c26f43ba2e2eeb3e1,bf657e69a4d4103c26f43ba2e2eeb3e1,bf657e69a4d4103c26f43ba2e2eeb3e1,bf657e69a4d4103c26f43ba2e2eeb3e1,bf657e69a4d4103c26f43ba2e2eeb3e1,bf657e69a4d4103c26f43ba2e2eeb3e1,bf657e69a4d4103c26f43ba2e2eeb3e1
/local/images/i_bandwidth.gif,c2db420d1d0fd8b332778584290f807e,c2db420d1d0fd8b332778584290f807e,c2db420d1d0fd8b332778584290f807e,c2db420d1d0fd8b332778584290f807e,c2db420d1d0fd8b332778584290f807e,c2db420d1d0fd8b332778584290f807e,c2db420d1d0fd8b332778584290f807e,c2db420d1d0fd8b332778584290f807e
/local/images/network/leftarrow_on.gif,3321a97101530c1f58d41fb9c2f24542,3321a97101530c1f58d41fb9c2f24542,3321a97101530c1f58d41fb9c2f24542,3321a97101530c1f58d41fb9c2f24542,3321a97101530c1f58d41fb9c2f24542,3321a97101530c1f58d41fb9c2f24542,3321a97101530c1f58d41fb9c2f24542,3321a97101530c1f58d41fb9c2f24542
/local/images/i_parental.gif,4c316e1766f1c24436afef6f03fdba0c,4c316e1766f1c24436afef6f03fdba0c,4c316e1766f1c24436afef6f03fdba0c,4c316e1766f1c24436afef6f03fdba0c,4c316e1766f1c24436afef6f03fdba0c,4c316e1766f1c24436afef6f03fdba0c,4c316e1766f1c24436afef6f03fdba0c,4c316e1766f1c24436afef6f03fdba0c
/local/advance/images/popup_main_left.gif,d645a1a0fedeca53ab3af0a29f7c1e63,d645a1a0fedeca53ab3af0a29f7c1e63,d645a1a0fedeca53ab3af0a29f7c1e63,d645a1a0fedeca53ab3af0a29f7c1e63,d645a1a0fedeca53ab3af0a29f7c1e63,d645a1a0fedeca53ab3af0a29f7c1e63,d645a1a0fedeca53ab3af0a29f7c1e63,d645a1a0fedeca53ab3af0a29f7c1e63
/local/images/grain.gif,cc5b0bcb5e169c8d3c6ebdf253d4781e,cc5b0bcb5e169c8d3c6ebdf253d4781e,cc5b0bcb5e169c8d3c6ebdf253d4781e,cc5b0bcb5e169c8d3c6ebdf253d4781e,cc5b0bcb5e169c8d3c6ebdf253d4781e,cc5b0bcb5e169c8d3c6ebdf253d4781e,cc5b0bcb5e169c8d3c6ebdf253d4781e,cc5b0bcb5e169c8d3c6ebdf253d4781e
/local/advance/images/b_dashboard.gif,fe88af3ec6eb3ea2308616fdd1af73bb,fe88af3ec6eb3ea2308616fdd1af73bb,fe88af3ec6eb3ea2308616fdd1af73bb,fe88af3ec6eb3ea2308616fdd1af73bb,fe88af3ec6eb3ea2308616fdd1af73bb,fe88af3ec6eb3ea2308616fdd1af73bb,fe88af3ec6eb3ea2308616fdd1af73bb,fe88af3ec6eb3ea2308616fdd1af73bb
/goahead1.gif,404,404,404,404,27ae927fca6528a704525c0f5c8dc20e,27ae927fca6528a704525c0f5c8dc20e,27ae927fca6528a704525c0f5c8dc20e,27ae927fca6528a704525c0f5c8dc20e
/frame_left.gif,9c930155fe42fd77143235d055b5fd72,9c930155fe42fd77143235d055b5fd72,9c930155fe42fd77143235d055b5fd72,9c930155fe42fd77143235d055b5fd72,9c930155fe42fd77143235d055b5fd72,9c930155fe42fd77143235d055b5fd72,9c930155fe42fd77143235d055b5fd72,9c930155fe42fd77143235d055b5fd72
/local/advance/images/table_02_center.gif,73af417853b0d31d1d9659dbb298c3d0,73af417853b0d31d1d9659dbb298c3d0,73af417853b0d31d1d9659dbb298c3d0,73af417853b0d31d1d9659dbb298c3d0,73af417853b0d31d1d9659dbb298c3d0,73af417853b0d31d1d9659dbb298c3d0,73af417853b0d31d1d9659dbb298c3d0,73af417853b0d31d1d9659dbb298c3d0
/local/images/b_mail.gif,dd02d2bd0b4bbf0364a0a04ae73705b0,dd02d2bd0b4bbf0364a0a04ae73705b0,dd02d2bd0b4bbf0364a0a04ae73705b0,dd02d2bd0b4bbf0364a0a04ae73705b0,dd02d2bd0b4bbf0364a0a04ae73705b0,dd02d2bd0b4bbf0364a0a04ae73705b0,dd02d2bd0b4bbf0364a0a04ae73705b0,dd02d2bd0b4bbf0364a0a04ae73705b0
/local/images/i_wps_right.jpg,b5411ab5942cdf0d5c31917ae60afa56,b5411ab5942cdf0d5c31917ae60afa56,b5411ab5942cdf0d5c31917ae60afa56,b5411ab5942cdf0d5c31917ae60afa56,b5411ab5942cdf0d5c31917ae60afa56,b5411ab5942cdf0d5c31917ae60afa56,b5411ab5942cdf0d5c31917ae60afa56,b5411ab5942cdf0d5c31917ae60afa56
/local/advance/images/i_maintenance_on.jpg,ff27e544e1a2a6b59d4c01d7b005b166,ff27e544e1a2a6b59d4c01d7b005b166,ff27e544e1a2a6b59d4c01d7b005b166,ff27e544e1a2a6b59d4c01d7b005b166,ff27e544e1a2a6b59d4c01d7b005b166,ff27e544e1a2a6b59d4c01d7b005b166,ff27e544e1a2a6b59d4c01d7b005b166,ff27e544e1a2a6b59d4c01d7b005b166
/local/images/wps_pic3.gif,d1f94e51980c9859fedaf0bc5dc85710,d1f94e51980c9859fedaf0bc5dc85710,d1f94e51980c9859fedaf0bc5dc85710,d1f94e51980c9859fedaf0bc5dc85710,d1f94e51980c9859fedaf0bc5dc85710,d1f94e51980c9859fedaf0bc5dc85710,d1f94e51980c9859fedaf0bc5dc85710,d1f94e51980c9859fedaf0bc5dc85710
/local/advance/images/check.jpg,658961d16024d9bd59f423fcb752bb52,658961d16024d9bd59f423fcb752bb52,658961d16024d9bd59f423fcb752bb52,658961d16024d9bd59f423fcb752bb52,658961d16024d9bd59f423fcb752bb52,658961d16024d9bd59f423fcb752bb52,658961d16024d9bd59f423fcb752bb52,658961d16024d9bd59f423fcb752bb52
/snowy.jpg,5803b50f2c958438e021b3c62ebfbb9b,5803b50f2c958438e021b3c62ebfbb9b,5803b50f2c958438e021b3c62ebfbb9b,5803b50f2c958438e021b3c62ebfbb9b,5803b50f2c958438e021b3c62ebfbb9b,5803b50f2c958438e021b3c62ebfbb9b,5803b50f2c958438e021b3c62ebfbb9b,5803b50f2c958438e021b3c62ebfbb9b
/index_bg.jpg,d7fa33f1aa3323aadaacdd380d5bfba9,d7fa33f1aa3323aadaacdd380d5bfba9,d7fa33f1aa3323aadaacdd380d5bfba9,d7fa33f1aa3323aadaacdd380d5bfba9,d7fa33f1aa3323aadaacdd380d5bfba9,d7fa33f1aa3323aadaacdd380d5bfba9,d7fa33f1aa3323aadaacdd380d5bfba9,d7fa33f1aa3323aadaacdd380d5bfba9
/local/images/button2.jpg,eb5aacae0c38efe844f41e356d098c29,eb5aacae0c38efe844f41e356d098c29,eb5aacae0c38efe844f41e356d098c29,eb5aacae0c38efe844f41e356d098c29,eb5aacae0c38efe844f41e356d098c29,eb5aacae0c38efe844f41e356d098c29,eb5aacae0c38efe844f41e356d098c29,eb5aacae0c38efe844f41e356d098c29
/local/images/off_on.gif,6651b637cbb1ccf2a7e82a0e4b07a838,6651b637cbb1ccf2a7e82a0e4b07a838,6651b637cbb1ccf2a7e82a0e4b07a838,6651b637cbb1ccf2a7e82a0e4b07a838,6651b637cbb1ccf2a7e82a0e4b07a838,6651b637cbb1ccf2a7e82a0e4b07a838,6651b637cbb1ccf2a7e82a0e4b07a838,6651b637cbb1ccf2a7e82a0e4b07a838
/local/advance/images/vr_bg_left.gif,085ef9a1ba73cbef87bfacc4b4bbd928,085ef9a1ba73cbef87bfacc4b4bbd928,085ef9a1ba73cbef87bfacc4b4bbd928,085ef9a1ba73cbef87bfacc4b4bbd928,085ef9a1ba73cbef87bfacc4b4bbd928,085ef9a1ba73cbef87bfacc4b4bbd928,085ef9a1ba73cbef87bfacc4b4bbd928,085ef9a1ba73cbef87bfacc4b4bbd928
/local/advance/images/table_content_right.gif,2592875561fb903da2d5aa5ad10e509e,2592875561fb903da2d5aa5ad10e509e,2592875561fb903da2d5aa5ad10e509e,2592875561fb903da2d5aa5ad10e509e,2592875561fb903da2d5aa5ad10e509e,2592875561fb903da2d5aa5ad10e509e,2592875561fb903da2d5aa5ad10e509e,2592875561fb903da2d5aa5ad10e509e
/local/advance/images/b_config_on.gif,c8aad259a4a06db1644d06a102491910,c8aad259a4a06db1644d06a102491910,c8aad259a4a06db1644d06a102491910,c8aad259a4a06db1644d06a102491910,c8aad259a4a06db1644d06a102491910,c8aad259a4a06db1644d06a102491910,c8aad259a4a06db1644d06a102491910,c8aad259a4a06db1644d06a102491910
/popup_down_left.gif,5d90a2fbd101f579b0c3e0d189d87713,5d90a2fbd101f579b0c3e0d189d87713,5d90a2fbd101f579b0c3e0d189d87713,5d90a2fbd101f579b0c3e0d189d87713,5d90a2fbd101f579b0c3e0d189d87713,5d90a2fbd101f579b0c3e0d189d87713,5d90a2fbd101f579b0c3e0d189d87713,5d90a2fbd101f579b0c3e0d189d87713
/local/advance/images/i_note.gif,3dbad406c94098f39904b7c2b470bb36,3dbad406c94098f39904b7c2b470bb36,3dbad406c94098f39904b7c2b470bb36,3dbad406c94098f39904b7c2b470bb36,3dbad406c94098f39904b7c2b470bb36,3dbad406c94098f39904b7c2b470bb36,3dbad406c94098f39904b7c2b470bb36,3dbad406c94098f39904b7c2b470bb36
/local/advance/upnp.html,404,e9f05c32ae8001c14d2f712edd1600ed,e9f05c32ae8001c14d2f712edd1600ed,e9f05c32ae8001c14d2f712edd1600ed,e9f05c32ae8001c14d2f712edd1600ed,e9f05c32ae8001c14d2f712edd1600ed,e9f05c32ae8001c14d2f712edd1600ed,e9f05c32ae8001c14d2f712edd1600ed
/i_login.gif,07461fd760ec9efbee4a2c3559f79c43,07461fd760ec9efbee4a2c3559f79c43,07461fd760ec9efbee4a2c3559f79c43,07461fd760ec9efbee4a2c3559f79c43,07461fd760ec9efbee4a2c3559f79c43,07461fd760ec9efbee4a2c3559f79c43,07461fd760ec9efbee4a2c3559f79c43,07461fd760ec9efbee4a2c3559f79c43
/reset.css,77a0343f9e20ab5599b97e7a27972494,77a0343f9e20ab5599b97e7a27972494,77a0343f9e20ab5599b97e7a27972494,77a0343f9e20ab5599b97e7a27972494,77a0343f9e20ab5599b97e7a27972494,77a0343f9e20ab5599b97e7a27972494,77a0343f9e20ab5599b97e7a27972494,77a0343f9e20ab5599b97e7a27972494
/local/images/network/popup_main.gif,7978b413c243d4ac17ab23e463875ae2,7978b413c243d4ac17ab23e463875ae2,7978b413c243d4ac17ab23e463875ae2,7978b413c243d4ac17ab23e463875ae2,7978b413c243d4ac17ab23e463875ae2,7978b413c243d4ac17ab23e463875ae2,7978b413c243d4ac17ab23e463875ae2,7978b413c243d4ac17ab23e463875ae2
/i_close.gif,90ca5e9ac48f265ba6e53e3bb9fa0b1e,90ca5e9ac48f265ba6e53e3bb9fa0b1e,90ca5e9ac48f265ba6e53e3bb9fa0b1e,90ca5e9ac48f265ba6e53e3bb9fa0b1e,90ca5e9ac48f265ba6e53e3bb9fa0b1e,90ca5e9ac48f265ba6e53e3bb9fa0b1e,90ca5e9ac48f265ba6e53e3bb9fa0b1e,90ca5e9ac48f265ba6e53e3bb9fa0b1e
/local/images/b_voip.gif,cfba278b0f0fe907eda951ded8acaf9c,cfba278b0f0fe907eda951ded8acaf9c,cfba278b0f0fe907eda951ded8acaf9c,cfba278b0f0fe907eda951ded8acaf9c,cfba278b0f0fe907eda951ded8acaf9c,cfba278b0f0fe907eda951ded8acaf9c,cfba278b0f0fe907eda951ded8acaf9c,cfba278b0f0fe907eda951ded8acaf9c
/local/advance/images/i_monitor_on.jpg,514a2e4d35f8b18d485502e8863f849a,514a2e4d35f8b18d485502e8863f849a,514a2e4d35f8b18d485502e8863f849a,514a2e4d35f8b18d485502e8863f849a,514a2e4d35f8b18d485502e8863f849a,514a2e4d35f8b18d485502e8863f849a,514a2e4d35f8b18d485502e8863f849a,514a2e4d35f8b18d485502e8863f849a
/local/images/line_status.gif,aa21562c60d686ff01deeac892bdd34e,aa21562c60d686ff01deeac892bdd34e,aa21562c60d686ff01deeac892bdd34e,aa21562c60d686ff01deeac892bdd34e,aa21562c60d686ff01deeac892bdd34e,aa21562c60d686ff01deeac892bdd34e,aa21562c60d686ff01deeac892bdd34e,aa21562c60d686ff01deeac892bdd34e
/rain.jpg,b62205568737737073b34fcc5de6f76e,b62205568737737073b34fcc5de6f76e,b62205568737737073b34fcc5de6f76e,b62205568737737073b34fcc5de6f76e,b62205568737737073b34fcc5de6f76e,b62205568737737073b34fcc5de6f76e,b62205568737737073b34fcc5de6f76e,b62205568737737073b34fcc5de6f76e
/local/images/network/i_button_on.gif,4b9583ab6051953c3ea01b071e29e4db,4b9583ab6051953c3ea01b071e29e4db,4b9583ab6051953c3ea01b071e29e4db,4b9583ab6051953c3ea01b071e29e4db,4b9583ab6051953c3ea01b071e29e4db,4b9583ab6051953c3ea01b071e29e4db,4b9583ab6051953c3ea01b071e29e4db,4b9583ab6051953c3ea01b071e29e4db
/local/images/b_p2p.gif,7371242825b98d671a6102c17d9b708a,7371242825b98d671a6102c17d9b708a,7371242825b98d671a6102c17d9b708a,7371242825b98d671a6102c17d9b708a,7371242825b98d671a6102c17d9b708a,7371242825b98d671a6102c17d9b708a,7371242825b98d671a6102c17d9b708a,7371242825b98d671a6102c17d9b708a
/local/images/wps_pic2.gif,3e2d6a2038afe042fff0441ca67ddedf,3e2d6a2038afe042fff0441ca67ddedf,3e2d6a2038afe042fff0441ca67ddedf,3e2d6a2038afe042fff0441ca67ddedf,3e2d6a2038afe042fff0441ca67ddedf,3e2d6a2038afe042fff0441ca67ddedf,3e2d6a2038afe042fff0441ca67ddedf,3e2d6a2038afe042fff0441ca67ddedf
/logo.gif,f0fef9b5c169649e27bad1a0bb0b8c10,f0fef9b5c169649e27bad1a0bb0b8c10,f0fef9b5c169649e27bad1a0bb0b8c10,f0fef9b5c169649e27bad1a0bb0b8c10,f0fef9b5c169649e27bad1a0bb0b8c10,f0fef9b5c169649e27bad1a0bb0b8c10,f0fef9b5c169649e27bad1a0bb0b8c10,f0fef9b5c169649e27bad1a0bb0b8c10
/local/images/i_close.gif,1ae33dcb1b3e506859b77611100bb181,1ae33dcb1b3e506859b77611100bb181,1ae33dcb1b3e506859b77611100bb181,1ae33dcb1b3e506859b77611100bb181,1ae33dcb1b3e506859b77611100bb181,1ae33dcb1b3e506859b77611100bb181,1ae33dcb1b3e506859b77611100bb181,1ae33dcb1b3e506859b77611100bb181
/local/js/networkmap.js,15a2081ca1d9195934b1396fafab78fc,15a2081ca1d9195934b1396fafab78fc,15a2081ca1d9195934b1396fafab78fc,15a2081ca1d9195934b1396fafab78fc,15a2081ca1d9195934b1396fafab78fc,15a2081ca1d9195934b1396fafab78fc,15a2081ca1d9195934b1396fafab78fc,15a2081ca1d9195934b1396fafab78fc
/local/advance/images/i_delete.gif,9edd2ed251378daaac2581f62f6773e6,9edd2ed251378daaac2581f62f6773e6,9edd2ed251378daaac2581f62f6773e6,9edd2ed251378daaac2581f62f6773e6,9edd2ed251378daaac2581f62f6773e6,9edd2ed251378daaac2581f62f6773e6,9edd2ed251378daaac2581f62f6773e6,9edd2ed251378daaac2581f62f6773e6
/local/advance/images/plusbottom.gif,35083392a79c17860dfd25afe26d5a72,35083392a79c17860dfd25afe26d5a72,35083392a79c17860dfd25afe26d5a72,35083392a79c17860dfd25afe26d5a72,35083392a79c17860dfd25afe26d5a72,35083392a79c17860dfd25afe26d5a72,35083392a79c17860dfd25afe26d5a72,35083392a79c17860dfd25afe26d5a72
/local/images/network/i_nb.gif,625c0983db35eb5aeded40c8c44148c4,625c0983db35eb5aeded40c8c44148c4,625c0983db35eb5aeded40c8c44148c4,625c0983db35eb5aeded40c8c44148c4,625c0983db35eb5aeded40c8c44148c4,625c0983db35eb5aeded40c8c44148c4,625c0983db35eb5aeded40c8c44148c4,625c0983db35eb5aeded40c8c44148c4
/local/advance/monitor.html,404,30051d45e69b33d1cdb6c8b208076f0c,30051d45e69b33d1cdb6c8b208076f0c,30051d45e69b33d1cdb6c8b208076f0c,30051d45e69b33d1cdb6c8b208076f0c,30051d45e69b33d1cdb6c8b208076f0c,30051d45e69b33d1cdb6c8b208076f0c,30051d45e69b33d1cdb6c8b208076f0c
/local/advance/images/table_bottom_right.gif,39bebde1890a2138fde501af13f74bee,39bebde1890a2138fde501af13f74bee,39bebde1890a2138fde501af13f74bee,39bebde1890a2138fde501af13f74bee,39bebde1890a2138fde501af13f74bee,39bebde1890a2138fde501af13f74bee,39bebde1890a2138fde501af13f74bee,39bebde1890a2138fde501af13f74bee
/local/images/network/i_nb_red.gif,481ccb25f1682ccd037406a95d1e6c22,481ccb25f1682ccd037406a95d1e6c22,481ccb25f1682ccd037406a95d1e6c22,481ccb25f1682ccd037406a95d1e6c22,481ccb25f1682ccd037406a95d1e6c22,481ccb25f1682ccd037406a95d1e6c22,481ccb25f1682ccd037406a95d1e6c22,481ccb25f1682ccd037406a95d1e6c22
/local/advance/images/i_config.jpg,2e3530a35d3277d143791f5d48dd38fb,2e3530a35d3277d143791f5d48dd38fb,2e3530a35d3277d143791f5d48dd38fb,2e3530a35d3277d143791f5d48dd38fb,2e3530a35d3277d143791f5d48dd38fb,2e3530a35d3277d143791f5d48dd38fb,2e3530a35d3277d143791f5d48dd38fb,2e3530a35d3277d143791f5d48dd38fb
/local/images/b_web_on.gif,760e6fd36e4f9f19ba538113573f528a,760e6fd36e4f9f19ba538113573f528a,760e6fd36e4f9f19ba538113573f528a,760e6fd36e4f9f19ba538113573f528a,760e6fd36e4f9f19ba538113573f528a,760e6fd36e4f9f19ba538113573f528a,760e6fd36e4f9f19ba538113573f528a,760e6fd36e4f9f19ba538113573f528a
/local/advance/images/i_edit_on.gif,0f516dc2b8352c8122cba8165346855d,0f516dc2b8352c8122cba8165346855d,0f516dc2b8352c8122cba8165346855d,0f516dc2b8352c8122cba8165346855d,0f516dc2b8352c8122cba8165346855d,0f516dc2b8352c8122cba8165346855d,0f516dc2b8352c8122cba8165346855d,0f516dc2b8352c8122cba8165346855d
/local/images/i_height_low.jpg,9f0b4bfe9d77a834f1d782daf429f36f,9f0b4bfe9d77a834f1d782daf429f36f,9f0b4bfe9d77a834f1d782daf429f36f,9f0b4bfe9d77a834f1d782daf429f36f,9f0b4bfe9d77a834f1d782daf429f36f,9f0b4bfe9d77a834f1d782daf429f36f,9f0b4bfe9d77a834f1d782daf429f36f,9f0b4bfe9d77a834f1d782daf429f36f
/local/images/network/yline_error.gif,c06ced2db9617bf8679b2fc6ca4408ad,c06ced2db9617bf8679b2fc6ca4408ad,c06ced2db9617bf8679b2fc6ca4408ad,c06ced2db9617bf8679b2fc6ca4408ad,c06ced2db9617bf8679b2fc6ca4408ad,c06ced2db9617bf8679b2fc6ca4408ad,c06ced2db9617bf8679b2fc6ca4408ad,c06ced2db9617bf8679b2fc6ca4408ad
/local/advance/images/table_top_left.gif,6c1e66447ffbeb4f0e771d141336ccaf,6c1e66447ffbeb4f0e771d141336ccaf,6c1e66447ffbeb4f0e771d141336ccaf,6c1e66447ffbeb4f0e771d141336ccaf,6c1e66447ffbeb4f0e771d141336ccaf,6c1e66447ffbeb4f0e771d141336ccaf,6c1e66447ffbeb4f0e771d141336ccaf,6c1e66447ffbeb4f0e771d141336ccaf
/local/advance/images/space.gif,1a4c204fe37d00dffc14904e4f8a0006,1a4c204fe37d00dffc14904e4f8a0006,1a4c204fe37d00dffc14904e4f8a0006,1a4c204fe37d00dffc14904e4f8a0006,1a4c204fe37d00dffc14904e4f8a0006,1a4c204fe37d00dffc14904e4f8a0006,1a4c204fe37d00dffc14904e4f8a0006,1a4c204fe37d00dffc14904e4f8a0006
/local/js/jquery.simplemodal.js,971f1c87f473fb734e23f4d3ce93443b,971f1c87f473fb734e23f4d3ce93443b,971f1c87f473fb734e23f4d3ce93443b,971f1c87f473fb734e23f4d3ce93443b,971f1c87f473fb734e23f4d3ce93443b,971f1c87f473fb734e23f4d3ce93443b,971f1c87f473fb734e23f4d3ce93443b,971f1c87f473fb734e23f4d3ce93443b
/local/advance/images/content_top_bg.jpg,b6f9e15fad073504d7f43a0be3a021f2,b6f9e15fad073504d7f43a0be3a021f2,b6f9e15fad073504d7f43a0be3a021f2,b6f9e15fad073504d7f43a0be3a021f2,b6f9e15fad073504d7f43a0be3a021f2,b6f9e15fad073504d7f43a0be3a021f2,b6f9e15fad073504d7f43a0be3a021f2,b6f9e15fad073504d7f43a0be3a021f2
/local/images/i_wireless_security_left.jpg,b97e934f4cb5b02a0a2c4ae4d0c6831f,b97e934f4cb5b02a0a2c4ae4d0c6831f,b97e934f4cb5b02a0a2c4ae4d0c6831f,b97e934f4cb5b02a0a2c4ae4d0c6831f,b97e934f4cb5b02a0a2c4ae4d0c6831f,b97e934f4cb5b02a0a2c4ae4d0c6831f,b97e934f4cb5b02a0a2c4ae4d0c6831f,b97e934f4cb5b02a0a2c4ae4d0c6831f
/i_note.gif,1d8af28c605b6038ee069732431580f7,1d8af28c605b6038ee069732431580f7,1d8af28c605b6038ee069732431580f7,1d8af28c605b6038ee069732431580f7,1d8af28c605b6038ee069732431580f7,1d8af28c605b6038ee069732431580f7,1d8af28c605b6038ee069732431580f7,1d8af28c605b6038ee069732431580f7
/local/advance/images/table_bottom_center.gif,36bb762e1b217463e0b432dcbd0e54c6,36bb762e1b217463e0b432dcbd0e54c6,36bb762e1b217463e0b432dcbd0e54c6,36bb762e1b217463e0b432dcbd0e54c6,36bb762e1b217463e0b432dcbd0e54c6,36bb762e1b217463e0b432dcbd0e54c6,36bb762e1b217463e0b432dcbd0e54c6,36bb762e1b217463e0b432dcbd0e54c6
/local/images/i_game2.gif,5d8f4dd7e1546c3e4067cdcd32b5b461,5d8f4dd7e1546c3e4067cdcd32b5b461,5d8f4dd7e1546c3e4067cdcd32b5b461,5d8f4dd7e1546c3e4067cdcd32b5b461,5d8f4dd7e1546c3e4067cdcd32b5b461,5d8f4dd7e1546c3e4067cdcd32b5b461,5d8f4dd7e1546c3e4067cdcd32b5b461,5d8f4dd7e1546c3e4067cdcd32b5b461
/local/images/g_line2.jpg,de30953ecf7208b9d42626f1ae84e02a,de30953ecf7208b9d42626f1ae84e02a,de30953ecf7208b9d42626f1ae84e02a,de30953ecf7208b9d42626f1ae84e02a,de30953ecf7208b9d42626f1ae84e02a,de30953ecf7208b9d42626f1ae84e02a,de30953ecf7208b9d42626f1ae84e02a,de30953ecf7208b9d42626f1ae84e02a
/local/images/i_parent.gif,ea5f431939d193d2600dafce5aaaf328,ea5f431939d193d2600dafce5aaaf328,ea5f431939d193d2600dafce5aaaf328,ea5f431939d193d2600dafce5aaaf328,ea5f431939d193d2600dafce5aaaf328,ea5f431939d193d2600dafce5aaaf328,ea5f431939d193d2600dafce5aaaf328,ea5f431939d193d2600dafce5aaaf328
/local/advance/images/advance_bg.gif,5e61509cc14678931e0083c33a81e2f3,5e61509cc14678931e0083c33a81e2f3,5e61509cc14678931e0083c33a81e2f3,5e61509cc14678931e0083c33a81e2f3,5e61509cc14678931e0083c33a81e2f3,5e61509cc14678931e0083c33a81e2f3,5e61509cc14678931e0083c33a81e2f3,5e61509cc14678931e0083c33a81e2f3
/local/advance/images/expert.css,35040e62f93db4babb0cfa29d3289ae0,35040e62f93db4babb0cfa29d3289ae0,35040e62f93db4babb0cfa29d3289ae0,35040e62f93db4babb0cfa29d3289ae0,35040e62f93db4babb0cfa29d3289ae0,35040e62f93db4babb0cfa29d3289ae0,35040e62f93db4babb0cfa29d3289ae0,35040e62f93db4babb0cfa29d3289ae0
/frame_right.gif,b9a061a625e36e4f85d7952db9835989,b9a061a625e36e4f85d7952db9835989,b9a061a625e36e4f85d7952db9835989,b9a061a625e36e4f85d7952db9835989,b9a061a625e36e4f85d7952db9835989,b9a061a625e36e4f85d7952db9835989,b9a061a625e36e4f85d7952db9835989,b9a061a625e36e4f85d7952db9835989
/local/images/up_on.gif,a8b04415cfccea781384cf35fc467da5,a8b04415cfccea781384cf35fc467da5,a8b04415cfccea781384cf35fc467da5,a8b04415cfccea781384cf35fc467da5,a8b04415cfccea781384cf35fc467da5,a8b04415cfccea781384cf35fc467da5,a8b04415cfccea781384cf35fc467da5,a8b04415cfccea781384cf35fc467da5
/local/advance/images/table_top_right.gif,5b0720b573a56d6ade4bd46b410d30ea,5b0720b573a56d6ade4bd46b410d30ea,5b0720b573a56d6ade4bd46b410d30ea,5b0720b573a56d6ade4bd46b410d30ea,5b0720b573a56d6ade4bd46b410d30ea,5b0720b573a56d6ade4bd46b410d30ea,5b0720b573a56d6ade4bd46b410d30ea,5b0720b573a56d6ade4bd46b410d30ea
/loading.gif,90748dba250985a78350a2d689bff7cb,90748dba250985a78350a2d689bff7cb,90748dba250985a78350a2d689bff7cb,90748dba250985a78350a2d689bff7cb,90748dba250985a78350a2d689bff7cb,90748dba250985a78350a2d689bff7cb,90748dba250985a78350a2d689bff7cb,90748dba250985a78350a2d689bff7cb
/local/advance/dns.html,404,05caa5d9c1bd4a60516dc1a5704b2ff7,05caa5d9c1bd4a60516dc1a5704b2ff7,05caa5d9c1bd4a60516dc1a5704b2ff7,05caa5d9c1bd4a60516dc1a5704b2ff7,05caa5d9c1bd4a60516dc1a5704b2ff7,05caa5d9c1bd4a60516dc1a5704b2ff7,05caa5d9c1bd4a60516dc1a5704b2ff7
/button_left.gif,ba3df7832de60db198146d597cf726c8,ba3df7832de60db198146d597cf726c8,ba3df7832de60db198146d597cf726c8,ba3df7832de60db198146d597cf726c8,ba3df7832de60db198146d597cf726c8,ba3df7832de60db198146d597cf726c8,ba3df7832de60db198146d597cf726c8,ba3df7832de60db198146d597cf726c8
/mycontentflow.css,a8adb40d3e42334a5a35ae573e0f71a2,a8adb40d3e42334a5a35ae573e0f71a2,a8adb40d3e42334a5a35ae573e0f71a2,a8adb40d3e42334a5a35ae573e0f71a2,a8adb40d3e42334a5a35ae573e0f71a2,a8adb40d3e42334a5a35ae573e0f71a2,a8adb40d3e42334a5a35ae573e0f71a2,a8adb40d3e42334a5a35ae573e0f71a2
/local/js/parental_control.js,2825af3109e00f4b9aa44334cd306008,2825af3109e00f4b9aa44334cd306008,2825af3109e00f4b9aa44334cd306008,2825af3109e00f4b9aa44334cd306008,2825af3109e00f4b9aa44334cd306008,2825af3109e00f4b9aa44334cd306008,2825af3109e00f4b9aa44334cd306008,2825af3109e00f4b9aa44334cd306008
/local/images/on_on.gif,d3a569596a5bd8f28c441e20b8dc6c36,d3a569596a5bd8f28c441e20b8dc6c36,d3a569596a5bd8f28c441e20b8dc6c36,d3a569596a5bd8f28c441e20b8dc6c36,d3a569596a5bd8f28c441e20b8dc6c36,d3a569596a5bd8f28c441e20b8dc6c36,d3a569596a5bd8f28c441e20b8dc6c36,d3a569596a5bd8f28c441e20b8dc6c36
/local/images/i_wireless_security.gif,a0be7b3cd1c25fa6db3ad21b41ff990c,a0be7b3cd1c25fa6db3ad21b41ff990c,a0be7b3cd1c25fa6db3ad21b41ff990c,a0be7b3cd1c25fa6db3ad21b41ff990c,a0be7b3cd1c25fa6db3ad21b41ff990c,a0be7b3cd1c25fa6db3ad21b41ff990c,a0be7b3cd1c25fa6db3ad21b41ff990c,a0be7b3cd1c25fa6db3ad21b41ff990c
/local/images/i_wireless_security_left_on.jpg,c6f260be4961d6dc65f4c380494108b1,c6f260be4961d6dc65f4c380494108b1,c6f260be4961d6dc65f4c380494108b1,c6f260be4961d6dc65f4c380494108b1,c6f260be4961d6dc65f4c380494108b1,c6f260be4961d6dc65f4c380494108b1,c6f260be4961d6dc65f4c380494108b1,c6f260be4961d6dc65f4c380494108b1
/local/advance/images/air.gif,325472601571f31e1bf00674c368d335,325472601571f31e1bf00674c368d335,325472601571f31e1bf00674c368d335,325472601571f31e1bf00674c368d335,325472601571f31e1bf00674c368d335,325472601571f31e1bf00674c368d335,325472601571f31e1bf00674c368d335,325472601571f31e1bf00674c368d335
/local/images/loading.gif,50c5e3e79b276c92df6cc52caeb464f0,50c5e3e79b276c92df6cc52caeb464f0,50c5e3e79b276c92df6cc52caeb464f0,50c5e3e79b276c92df6cc52caeb464f0,50c5e3e79b276c92df6cc52caeb464f0,50c5e3e79b276c92df6cc52caeb464f0,50c5e3e79b276c92df6cc52caeb464f0,50c5e3e79b276c92df6cc52caeb464f0
/local/advance/images/tab_right.gif,43fd41cd75ac21c66b023aae7158589a,43fd41cd75ac21c66b023aae7158589a,43fd41cd75ac21c66b023aae7158589a,43fd41cd75ac21c66b023aae7158589a,43fd41cd75ac21c66b023aae7158589a,43fd41cd75ac21c66b023aae7158589a,43fd41cd75ac21c66b023aae7158589a,43fd41cd75ac21c66b023aae7158589a
/local/images/i_expert_on.gif,80083e902f96c25a5e2a36daae8ab723,80083e902f96c25a5e2a36daae8ab723,80083e902f96c25a5e2a36daae8ab723,80083e902f96c25a5e2a36daae8ab723,80083e902f96c25a5e2a36daae8ab723,80083e902f96c25a5e2a36daae8ab723,80083e902f96c25a5e2a36daae8ab723,80083e902f96c25a5e2a36daae8ab723
/local/genie2-3.html,7b30676acda77697efe919a6da97758a,7b30676acda77697efe919a6da97758a,7b30676acda77697efe919a6da97758a,7b30676acda77697efe919a6da97758a,7b30676acda77697efe919a6da97758a,7b30676acda77697efe919a6da97758a,7b30676acda77697efe919a6da97758a,7b30676acda77697efe919a6da97758a
/popup_bg.gif,8f25302833aa66a7aa6b4e7b4e0d08f7,8f25302833aa66a7aa6b4e7b4e0d08f7,8f25302833aa66a7aa6b4e7b4e0d08f7,8f25302833aa66a7aa6b4e7b4e0d08f7,8f25302833aa66a7aa6b4e7b4e0d08f7,8f25302833aa66a7aa6b4e7b4e0d08f7,8f25302833aa66a7aa6b4e7b4e0d08f7,8f25302833aa66a7aa6b4e7b4e0d08f7
/local/images/i_network_on.gif,dc6d4ecff9669c189153b9a1e746c18b,dc6d4ecff9669c189153b9a1e746c18b,dc6d4ecff9669c189153b9a1e746c18b,dc6d4ecff9669c189153b9a1e746c18b,dc6d4ecff9669c189153b9a1e746c18b,dc6d4ecff9669c189153b9a1e746c18b,dc6d4ecff9669c189153b9a1e746c18b,dc6d4ecff9669c189153b9a1e746c18b
/local/images/grain_top.gif,179a3d4e688bbe7e15f464cdd50e0fa6,179a3d4e688bbe7e15f464cdd50e0fa6,179a3d4e688bbe7e15f464cdd50e0fa6,179a3d4e688bbe7e15f464cdd50e0fa6,179a3d4e688bbe7e15f464cdd50e0fa6,179a3d4e688bbe7e15f464cdd50e0fa6,179a3d4e688bbe7e15f464cdd50e0fa6,179a3d4e688bbe7e15f464cdd50e0fa6
/local/images/grain.jpg,633f7278ce74f0fd3699a56b0f6b4294,633f7278ce74f0fd3699a56b0f6b4294,633f7278ce74f0fd3699a56b0f6b4294,633f7278ce74f0fd3699a56b0f6b4294,633f7278ce74f0fd3699a56b0f6b4294,633f7278ce74f0fd3699a56b0f6b4294,633f7278ce74f0fd3699a56b0f6b4294,633f7278ce74f0fd3699a56b0f6b4294
/local/images/network/i_earth.gif,27a35c2d5ee9f90c5325d2f309baf2b8,27a35c2d5ee9f90c5325d2f309baf2b8,27a35c2d5ee9f90c5325d2f309baf2b8,27a35c2d5ee9f90c5325d2f309baf2b8,27a35c2d5ee9f90c5325d2f309baf2b8,27a35c2d5ee9f90c5325d2f309baf2b8,27a35c2d5ee9f90c5325d2f309baf2b8,27a35c2d5ee9f90c5325d2f309baf2b8
/local/advance/images/i_errow.jpg,e2d7680b7b3e02a6a845180fb984ae15,e2d7680b7b3e02a6a845180fb984ae15,e2d7680b7b3e02a6a845180fb984ae15,e2d7680b7b3e02a6a845180fb984ae15,e2d7680b7b3e02a6a845180fb984ae15,e2d7680b7b3e02a6a845180fb984ae15,e2d7680b7b3e02a6a845180fb984ae15,e2d7680b7b3e02a6a845180fb984ae15
/local/advance/images/i_delete_on.gif,6599db646bdc250d929e70289843078d,6599db646bdc250d929e70289843078d,6599db646bdc250d929e70289843078d,6599db646bdc250d929e70289843078d,6599db646bdc250d929e70289843078d,6599db646bdc250d929e70289843078d,6599db646bdc250d929e70289843078d,6599db646bdc250d929e70289843078d
/local/advance/images/nolines_minus.gif,661779db77e8d579e53eb5136cb4cfd6,661779db77e8d579e53eb5136cb4cfd6,661779db77e8d579e53eb5136cb4cfd6,661779db77e8d579e53eb5136cb4cfd6,661779db77e8d579e53eb5136cb4cfd6,661779db77e8d579e53eb5136cb4cfd6,661779db77e8d579e53eb5136cb4cfd6,661779db77e8d579e53eb5136cb4cfd6
/i_language.jpg,0c09580f837c14cce9c2e0614b871f2a,0c09580f837c14cce9c2e0614b871f2a,0c09580f837c14cce9c2e0614b871f2a,0c09580f837c14cce9c2e0614b871f2a,0c09580f837c14cce9c2e0614b871f2a,0c09580f837c14cce9c2e0614b871f2a,0c09580f837c14cce9c2e0614b871f2a,0c09580f837c14cce9c2e0614b871f2a
/local/images/network/i_nsa.gif,9d08608fea55f7bde991b59ef9969f9c,9d08608fea55f7bde991b59ef9969f9c,9d08608fea55f7bde991b59ef9969f9c,9d08608fea55f7bde991b59ef9969f9c,9d08608fea55f7bde991b59ef9969f9c,9d08608fea55f7bde991b59ef9969f9c,9d08608fea55f7bde991b59ef9969f9c,9d08608fea55f7bde991b59ef9969f9c
/local/advance/images/b_close.gif,41ebb8dcba5be776fd78bc8397b7b6bb,41ebb8dcba5be776fd78bc8397b7b6bb,41ebb8dcba5be776fd78bc8397b7b6bb,41ebb8dcba5be776fd78bc8397b7b6bb,41ebb8dcba5be776fd78bc8397b7b6bb,41ebb8dcba5be776fd78bc8397b7b6bb,41ebb8dcba5be776fd78bc8397b7b6bb,41ebb8dcba5be776fd78bc8397b7b6bb
/local/images/green_button_center.jpg,c8bdcb6477fd6e43eea015d164436ba6,c8bdcb6477fd6e43eea015d164436ba6,c8bdcb6477fd6e43eea015d164436ba6,c8bdcb6477fd6e43eea015d164436ba6,c8bdcb6477fd6e43eea015d164436ba6,c8bdcb6477fd6e43eea015d164436ba6,c8bdcb6477fd6e43eea015d164436ba6,c8bdcb6477fd6e43eea015d164436ba6
/local/advance/lan.html,404,d2a1c3a11beb5fcccacca100dcb6355d,d2a1c3a11beb5fcccacca100dcb6355d,d2a1c3a11beb5fcccacca100dcb6355d,d2a1c3a11beb5fcccacca100dcb6355d,d2a1c3a11beb5fcccacca100dcb6355d,d2a1c3a11beb5fcccacca100dcb6355d,d2a1c3a11beb5fcccacca100dcb6355d
/local/images/network/i_webcam.gif,07c8891ba8439898d71b350846c6bd8c,07c8891ba8439898d71b350846c6bd8c,07c8891ba8439898d71b350846c6bd8c,07c8891ba8439898d71b350846c6bd8c,07c8891ba8439898d71b350846c6bd8c,07c8891ba8439898d71b350846c6bd8c,07c8891ba8439898d71b350846c6bd8c,07c8891ba8439898d71b350846c6bd8c
/local/js/power-saving.js,43a20a14c39426d834c9dbb07ca46b5d,43a20a14c39426d834c9dbb07ca46b5d,43a20a14c39426d834c9dbb07ca46b5d,43a20a14c39426d834c9dbb07ca46b5d,43a20a14c39426d834c9dbb07ca46b5d,43a20a14c39426d834c9dbb07ca46b5d,43a20a14c39426d834c9dbb07ca46b5d,43a20a14c39426d834c9dbb07ca46b5d
/local/images/b_right.gif,d80583db0b6ab75529a80f2515d26f46,d80583db0b6ab75529a80f2515d26f46,d80583db0b6ab75529a80f2515d26f46,d80583db0b6ab75529a80f2515d26f46,d80583db0b6ab75529a80f2515d26f46,d80583db0b6ab75529a80f2515d26f46,d80583db0b6ab75529a80f2515d26f46,d80583db0b6ab75529a80f2515d26f46
/local/js/bandwidth.js,4b37a35817bb8aae6f02dc6a1550261e,4b37a35817bb8aae6f02dc6a1550261e,4b37a35817bb8aae6f02dc6a1550261e,4b37a35817bb8aae6f02dc6a1550261e,4b37a35817bb8aae6f02dc6a1550261e,4b37a35817bb8aae6f02dc6a1550261e,4b37a35817bb8aae6f02dc6a1550261e,4b37a35817bb8aae6f02dc6a1550261e
/local/js/basic.js,c51c87fcdd432ce56670f029a6e7dc61,c51c87fcdd432ce56670f029a6e7dc61,c51c87fcdd432ce56670f029a6e7dc61,c51c87fcdd432ce56670f029a6e7dc61,c51c87fcdd432ce56670f029a6e7dc61,c51c87fcdd432ce56670f029a6e7dc61,c51c87fcdd432ce56670f029a6e7dc61,c51c87fcdd432ce56670f029a6e7dc61
/local/images/g_logo.jpg,87c0694c10847261ae19e9cd0f00c4b9,87c0694c10847261ae19e9cd0f00c4b9,87c0694c10847261ae19e9cd0f00c4b9,87c0694c10847261ae19e9cd0f00c4b9,87c0694c10847261ae19e9cd0f00c4b9,87c0694c10847261ae19e9cd0f00c4b9,87c0694c10847261ae19e9cd0f00c4b9,87c0694c10847261ae19e9cd0f00c4b9
/local/advance/images/title_bg.jpg,de6ea75451a3aec4bbff68c9bcc54b00,de6ea75451a3aec4bbff68c9bcc54b00,de6ea75451a3aec4bbff68c9bcc54b00,de6ea75451a3aec4bbff68c9bcc54b00,de6ea75451a3aec4bbff68c9bcc54b00,de6ea75451a3aec4bbff68c9bcc54b00,de6ea75451a3aec4bbff68c9bcc54b00,de6ea75451a3aec4bbff68c9bcc54b00
/local/advance/images/i_message.gif,33af71cdd5b321830a5e58adbe2b3391,33af71cdd5b321830a5e58adbe2b3391,33af71cdd5b321830a5e58adbe2b3391,33af71cdd5b321830a5e58adbe2b3391,33af71cdd5b321830a5e58adbe2b3391,33af71cdd5b321830a5e58adbe2b3391,33af71cdd5b321830a5e58adbe2b3391,33af71cdd5b321830a5e58adbe2b3391
/local/advance/images/table_03_center.gif,159b7a8f6773c87c852cc4bde0dbb58b,159b7a8f6773c87c852cc4bde0dbb58b,159b7a8f6773c87c852cc4bde0dbb58b,159b7a8f6773c87c852cc4bde0dbb58b,159b7a8f6773c87c852cc4bde0dbb58b,159b7a8f6773c87c852cc4bde0dbb58b,159b7a8f6773c87c852cc4bde0dbb58b,159b7a8f6773c87c852cc4bde0dbb58b
/local/images/logo.gif,f0fef9b5c169649e27bad1a0bb0b8c10,f0fef9b5c169649e27bad1a0bb0b8c10,f0fef9b5c169649e27bad1a0bb0b8c10,f0fef9b5c169649e27bad1a0bb0b8c10,f0fef9b5c169649e27bad1a0bb0b8c10,f0fef9b5c169649e27bad1a0bb0b8c10,f0fef9b5c169649e27bad1a0bb0b8c10,f0fef9b5c169649e27bad1a0bb0b8c10
/local/images/i_status.gif,bf3bf710e2918a36ce67a287bf5d6542,bf3bf710e2918a36ce67a287bf5d6542,bf3bf710e2918a36ce67a287bf5d6542,bf3bf710e2918a36ce67a287bf5d6542,bf3bf710e2918a36ce67a287bf5d6542,bf3bf710e2918a36ce67a287bf5d6542,bf3bf710e2918a36ce67a287bf5d6542,bf3bf710e2918a36ce67a287bf5d6542
/local/images/network/error.gif,6dc63d8eb59b11fb0d4a8a849c730948,6dc63d8eb59b11fb0d4a8a849c730948,6dc63d8eb59b11fb0d4a8a849c730948,6dc63d8eb59b11fb0d4a8a849c730948,6dc63d8eb59b11fb0d4a8a849c730948,6dc63d8eb59b11fb0d4a8a849c730948,6dc63d8eb59b11fb0d4a8a849c730948,6dc63d8eb59b11fb0d4a8a849c730948
/DST.js,d7e0cf3a0b1c283b33678439b05ed9d5,d7e0cf3a0b1c283b33678439b05ed9d5,d7e0cf3a0b1c283b33678439b05ed9d5,d7e0cf3a0b1c283b33678439b05ed9d5,d7e0cf3a0b1c283b33678439b05ed9d5,d7e0cf3a0b1c283b33678439b05ed9d5,d7e0cf3a0b1c283b33678439b05ed9d5,d7e0cf3a0b1c283b33678439b05ed9d5
/local/advance/images/i_center_refresh.gif,6ad06c4e6cb0434f965cd1dbd840aa9a,6ad06c4e6cb0434f965cd1dbd840aa9a,6ad06c4e6cb0434f965cd1dbd840aa9a,6ad06c4e6cb0434f965cd1dbd840aa9a,6ad06c4e6cb0434f965cd1dbd840aa9a,6ad06c4e6cb0434f965cd1dbd840aa9a,6ad06c4e6cb0434f965cd1dbd840aa9a,6ad06c4e6cb0434f965cd1dbd840aa9a
/local/genie3.html,479447fc9bf465bcbaa7fe1e71a6dc39,479447fc9bf465bcbaa7fe1e71a6dc39,479447fc9bf465bcbaa7fe1e71a6dc39,479447fc9bf465bcbaa7fe1e71a6dc39,479447fc9bf465bcbaa7fe1e71a6dc39,479447fc9bf465bcbaa7fe1e71a6dc39,479447fc9bf465bcbaa7fe1e71a6dc39,479447fc9bf465bcbaa7fe1e71a6dc39
/local/advance/images/i_widget_left_on.jpg,84ab9a1d0f2e0cf41fdc70c5023ff938,84ab9a1d0f2e0cf41fdc70c5023ff938,84ab9a1d0f2e0cf41fdc70c5023ff938,84ab9a1d0f2e0cf41fdc70c5023ff938,84ab9a1d0f2e0cf41fdc70c5023ff938,84ab9a1d0f2e0cf41fdc70c5023ff938,84ab9a1d0f2e0cf41fdc70c5023ff938,84ab9a1d0f2e0cf41fdc70c5023ff938
/local/images/network/i_nb_right.gif,330f9dd33e65013d1973080866393092,330f9dd33e65013d1973080866393092,330f9dd33e65013d1973080866393092,330f9dd33e65013d1973080866393092,330f9dd33e65013d1973080866393092,330f9dd33e65013d1973080866393092,330f9dd33e65013d1973080866393092,330f9dd33e65013d1973080866393092
/local/advance/images/table_02_center2.gif,9a132346254bae5af07e132a32539ef6,9a132346254bae5af07e132a32539ef6,9a132346254bae5af07e132a32539ef6,9a132346254bae5af07e132a32539ef6,9a132346254bae5af07e132a32539ef6,9a132346254bae5af07e132a32539ef6,9a132346254bae5af07e132a32539ef6,9a132346254bae5af07e132a32539ef6
/local/advance/images/i_dashboard.jpg,e9b7f162f7f991d14a077444c4a6f166,e9b7f162f7f991d14a077444c4a6f166,e9b7f162f7f991d14a077444c4a6f166,e9b7f162f7f991d14a077444c4a6f166,e9b7f162f7f991d14a077444c4a6f166,e9b7f162f7f991d14a077444c4a6f166,e9b7f162f7f991d14a077444c4a6f166,e9b7f162f7f991d14a077444c4a6f166
/setup_icon.gif,1fa2564feb1dbd952ae09759c084662d,1fa2564feb1dbd952ae09759c084662d,1fa2564feb1dbd952ae09759c084662d,1fa2564feb1dbd952ae09759c084662d,1fa2564feb1dbd952ae09759c084662d,1fa2564feb1dbd952ae09759c084662d,1fa2564feb1dbd952ae09759c084662d,1fa2564feb1dbd952ae09759c084662d
/local/advance/ddns.html,404,f56b8e3f6c64c0082728a7244ead8e49,f56b8e3f6c64c0082728a7244ead8e49,f56b8e3f6c64c0082728a7244ead8e49,f56b8e3f6c64c0082728a7244ead8e49,f56b8e3f6c64c0082728a7244ead8e49,f56b8e3f6c64c0082728a7244ead8e49,f56b8e3f6c64c0082728a7244ead8e49
/writeflash_detect0.html,14220e3cb0818b44e2771134b9a6569d,14220e3cb0818b44e2771134b9a6569d,14220e3cb0818b44e2771134b9a6569d,14220e3cb0818b44e2771134b9a6569d,14220e3cb0818b44e2771134b9a6569d,14220e3cb0818b44e2771134b9a6569d,14220e3cb0818b44e2771134b9a6569d,14220e3cb0818b44e2771134b9a6569d
/local/advance/images/tab_left.gif,89a7a7b734e29f991b1f29ffe5aef408,89a7a7b734e29f991b1f29ffe5aef408,89a7a7b734e29f991b1f29ffe5aef408,89a7a7b734e29f991b1f29ffe5aef408,89a7a7b734e29f991b1f29ffe5aef408,89a7a7b734e29f991b1f29ffe5aef408,89a7a7b734e29f991b1f29ffe5aef408,89a7a7b734e29f991b1f29ffe5aef408
/local/images/i_wireless_security2.gif,b2d7ff3866e74f506513b24dbb285ad7,b2d7ff3866e74f506513b24dbb285ad7,b2d7ff3866e74f506513b24dbb285ad7,b2d7ff3866e74f506513b24dbb285ad7,b2d7ff3866e74f506513b24dbb285ad7,b2d7ff3866e74f506513b24dbb285ad7,b2d7ff3866e74f506513b24dbb285ad7,b2d7ff3866e74f506513b24dbb285ad7
/local/advance/images/table_02_line.gif,52ac3066a5ae504342ffca83b25ca211,52ac3066a5ae504342ffca83b25ca211,52ac3066a5ae504342ffca83b25ca211,52ac3066a5ae504342ffca83b25ca211,52ac3066a5ae504342ffca83b25ca211,52ac3066a5ae504342ffca83b25ca211,52ac3066a5ae504342ffca83b25ca211,52ac3066a5ae504342ffca83b25ca211
/local/images/bg.gif,d3cc711301027c9d1ba6be72b46bd99f,d3cc711301027c9d1ba6be72b46bd99f,d3cc711301027c9d1ba6be72b46bd99f,d3cc711301027c9d1ba6be72b46bd99f,d3cc711301027c9d1ba6be72b46bd99f,d3cc711301027c9d1ba6be72b46bd99f,d3cc711301027c9d1ba6be72b46bd99f,d3cc711301027c9d1ba6be72b46bd99f
/local/advance/cl.html,404,9c1670e28092bcfedbe8a94d94ea1ba4,9c1670e28092bcfedbe8a94d94ea1ba4,9c1670e28092bcfedbe8a94d94ea1ba4,9c1670e28092bcfedbe8a94d94ea1ba4,9c1670e28092bcfedbe8a94d94ea1ba4,9c1670e28092bcfedbe8a94d94ea1ba4,9c1670e28092bcfedbe8a94d94ea1ba4
/local/images/up.gif,ad5287ef986e4071055d4e01563fa867,ad5287ef986e4071055d4e01563fa867,ad5287ef986e4071055d4e01563fa867,ad5287ef986e4071055d4e01563fa867,ad5287ef986e4071055d4e01563fa867,ad5287ef986e4071055d4e01563fa867,ad5287ef986e4071055d4e01563fa867,ad5287ef986e4071055d4e01563fa867
/local/advance/images/advance_logo.jpg,b13db19169c570a5aa1cf560d630aadc,b13db19169c570a5aa1cf560d630aadc,b13db19169c570a5aa1cf560d630aadc,b13db19169c570a5aa1cf560d630aadc,b13db19169c570a5aa1cf560d630aadc,b13db19169c570a5aa1cf560d630aadc,b13db19169c570a5aa1cf560d630aadc,b13db19169c570a5aa1cf560d630aadc
/local/images/network/xline_error.gif,00610d13c04bb7315c46ffa10e117040,00610d13c04bb7315c46ffa10e117040,00610d13c04bb7315c46ffa10e117040,00610d13c04bb7315c46ffa10e117040,00610d13c04bb7315c46ffa10e117040,00610d13c04bb7315c46ffa10e117040,00610d13c04bb7315c46ffa10e117040,00610d13c04bb7315c46ffa10e117040
/content_top_bg.jpg,b6f9e15fad073504d7f43a0be3a021f2,b6f9e15fad073504d7f43a0be3a021f2,b6f9e15fad073504d7f43a0be3a021f2,b6f9e15fad073504d7f43a0be3a021f2,b6f9e15fad073504d7f43a0be3a021f2,b6f9e15fad073504d7f43a0be3a021f2,b6f9e15fad073504d7f43a0be3a021f2,b6f9e15fad073504d7f43a0be3a021f2
/local/images/check.jpg,20f075343e5a7551fc92bd12f268271d,20f075343e5a7551fc92bd12f268271d,20f075343e5a7551fc92bd12f268271d,20f075343e5a7551fc92bd12f268271d,20f075343e5a7551fc92bd12f268271d,20f075343e5a7551fc92bd12f268271d,20f075343e5a7551fc92bd12f268271d,20f075343e5a7551fc92bd12f268271d
/b_close.gif,41ebb8dcba5be776fd78bc8397b7b6bb,41ebb8dcba5be776fd78bc8397b7b6bb,41ebb8dcba5be776fd78bc8397b7b6bb,41ebb8dcba5be776fd78bc8397b7b6bb,41ebb8dcba5be776fd78bc8397b7b6bb,41ebb8dcba5be776fd78bc8397b7b6bb,41ebb8dcba5be776fd78bc8397b7b6bb,41ebb8dcba5be776fd78bc8397b7b6bb
/local/advance/images/i_percentage_center.gif,8e10cd5d64b74cff1d3819b4dc01d404,8e10cd5d64b74cff1d3819b4dc01d404,8e10cd5d64b74cff1d3819b4dc01d404,8e10cd5d64b74cff1d3819b4dc01d404,8e10cd5d64b74cff1d3819b4dc01d404,8e10cd5d64b74cff1d3819b4dc01d404,8e10cd5d64b74cff1d3819b4dc01d404,8e10cd5d64b74cff1d3819b4dc01d404
/local/advance/images/table_top.gif,df05cf3a5ff41672d9075c96d370ef5e,df05cf3a5ff41672d9075c96d370ef5e,df05cf3a5ff41672d9075c96d370ef5e,df05cf3a5ff41672d9075c96d370ef5e,df05cf3a5ff41672d9075c96d370ef5e,df05cf3a5ff41672d9075c96d370ef5e,df05cf3a5ff41672d9075c96d370ef5e,df05cf3a5ff41672d9075c96d370ef5e
/local/advance/images/dtree.css,8eb5e4f43e83fa57ed50988d3fe41331,8eb5e4f43e83fa57ed50988d3fe41331,8eb5e4f43e83fa57ed50988d3fe41331,8eb5e4f43e83fa57ed50988d3fe41331,8eb5e4f43e83fa57ed50988d3fe41331,8eb5e4f43e83fa57ed50988d3fe41331,8eb5e4f43e83fa57ed50988d3fe41331,8eb5e4f43e83fa57ed50988d3fe41331
/local/images/network/i_button.gif,5a9684240df55c64cebb2ec54c405e57,5a9684240df55c64cebb2ec54c405e57,5a9684240df55c64cebb2ec54c405e57,5a9684240df55c64cebb2ec54c405e57,5a9684240df55c64cebb2ec54c405e57,5a9684240df55c64cebb2ec54c405e57,5a9684240df55c64cebb2ec54c405e57,5a9684240df55c64cebb2ec54c405e57
/local/images/b_close_on.gif,f10143ff91e2d95afddf73dc49bf5040,f10143ff91e2d95afddf73dc49bf5040,f10143ff91e2d95afddf73dc49bf5040,f10143ff91e2d95afddf73dc49bf5040,f10143ff91e2d95afddf73dc49bf5040,f10143ff91e2d95afddf73dc49bf5040,f10143ff91e2d95afddf73dc49bf5040,f10143ff91e2d95afddf73dc49bf5040
/local/images/b_close.gif,9beb22203e90e14e348cf057e52df892,9beb22203e90e14e348cf057e52df892,9beb22203e90e14e348cf057e52df892,9beb22203e90e14e348cf057e52df892,9beb22203e90e14e348cf057e52df892,9beb22203e90e14e348cf057e52df892,9beb22203e90e14e348cf057e52df892,9beb22203e90e14e348cf057e52df892
/local/images/search_on.gif,b7e9ebc3a3e6fea5a7c4cfc3b93edac6,b7e9ebc3a3e6fea5a7c4cfc3b93edac6,b7e9ebc3a3e6fea5a7c4cfc3b93edac6,b7e9ebc3a3e6fea5a7c4cfc3b93edac6,b7e9ebc3a3e6fea5a7c4cfc3b93edac6,b7e9ebc3a3e6fea5a7c4cfc3b93edac6,b7e9ebc3a3e6fea5a7c4cfc3b93edac6,b7e9ebc3a3e6fea5a7c4cfc3b93edac6
/local/advance/images/loading.gif,54f42e0a09b317240e612cd17004e3f5,54f42e0a09b317240e612cd17004e3f5,54f42e0a09b317240e612cd17004e3f5,54f42e0a09b317240e612cd17004e3f5,54f42e0a09b317240e612cd17004e3f5,54f42e0a09b317240e612cd17004e3f5,54f42e0a09b317240e612cd17004e3f5,54f42e0a09b317240e612cd17004e3f5
/local/images/popup.css,d922d3bba36191539fa9eed8fb4b4815,d922d3bba36191539fa9eed8fb4b4815,d922d3bba36191539fa9eed8fb4b4815,d922d3bba36191539fa9eed8fb4b4815,d922d3bba36191539fa9eed8fb4b4815,d922d3bba36191539fa9eed8fb4b4815,d922d3bba36191539fa9eed8fb4b4815,d922d3bba36191539fa9eed8fb4b4815
/local/advance/images/b_maintenance_on.gif,e731e3064c188b099d60b19d0e7f57cf,e731e3064c188b099d60b19d0e7f57cf,e731e3064c188b099d60b19d0e7f57cf,e731e3064c188b099d60b19d0e7f57cf,e731e3064c188b099d60b19d0e7f57cf,e731e3064c188b099d60b19d0e7f57cf,e731e3064c188b099d60b19d0e7f57cf,e731e3064c188b099d60b19d0e7f57cf
/local/images/i_arrow_d.jpg,ffded13ef2b7ddd01333d096d915a242,ffded13ef2b7ddd01333d096d915a242,ffded13ef2b7ddd01333d096d915a242,ffded13ef2b7ddd01333d096d915a242,ffded13ef2b7ddd01333d096d915a242,ffded13ef2b7ddd01333d096d915a242,ffded13ef2b7ddd01333d096d915a242,ffded13ef2b7ddd01333d096d915a242
/local/advance/main_maintenance_frame.html,6ddba108109c4c19b99c96b21aba3be1,6ddba108109c4c19b99c96b21aba3be1,3dc0bd3ac13f9618205abd3c75574e36,3dc0bd3ac13f9618205abd3c75574e36,3dc0bd3ac13f9618205abd3c75574e36,3dc0bd3ac13f9618205abd3c75574e36,3dc0bd3ac13f9618205abd3c75574e36,3dc0bd3ac13f9618205abd3c75574e36
/local/images/i_logout_on.gif,56c8482ccbbb8c869bb467cf43df74b7,56c8482ccbbb8c869bb467cf43df74b7,56c8482ccbbb8c869bb467cf43df74b7,56c8482ccbbb8c869bb467cf43df74b7,56c8482ccbbb8c869bb467cf43df74b7,56c8482ccbbb8c869bb467cf43df74b7,56c8482ccbbb8c869bb467cf43df74b7,56c8482ccbbb8c869bb467cf43df74b7
/local/advance/images/i_help.gif,2a34290eee77a19ff9cff57c5536f80b,2a34290eee77a19ff9cff57c5536f80b,2a34290eee77a19ff9cff57c5536f80b,2a34290eee77a19ff9cff57c5536f80b,2a34290eee77a19ff9cff57c5536f80b,2a34290eee77a19ff9cff57c5536f80b,2a34290eee77a19ff9cff57c5536f80b,2a34290eee77a19ff9cff57c5536f80b
/local/images/line.jpg,cf0e9b0463b363ac4ab1277aa534892b,cf0e9b0463b363ac4ab1277aa534892b,cf0e9b0463b363ac4ab1277aa534892b,cf0e9b0463b363ac4ab1277aa534892b,cf0e9b0463b363ac4ab1277aa534892b,cf0e9b0463b363ac4ab1277aa534892b,cf0e9b0463b363ac4ab1277aa534892b,cf0e9b0463b363ac4ab1277aa534892b
/local/advance/images/i_config_on.jpg,95402db133d475bcd3298a1c7f69f59c,95402db133d475bcd3298a1c7f69f59c,95402db133d475bcd3298a1c7f69f59c,95402db133d475bcd3298a1c7f69f59c,95402db133d475bcd3298a1c7f69f59c,95402db133d475bcd3298a1c7f69f59c,95402db133d475bcd3298a1c7f69f59c,95402db133d475bcd3298a1c7f69f59c
/local/advance/ip_alias.html,404,0c42c449ab19e6807ad16bf3a752ec2f,0c42c449ab19e6807ad16bf3a752ec2f,0c42c449ab19e6807ad16bf3a752ec2f,0c42c449ab19e6807ad16bf3a752ec2f,0c42c449ab19e6807ad16bf3a752ec2f,0c42c449ab19e6807ad16bf3a752ec2f,0c42c449ab19e6807ad16bf3a752ec2f
/local/images/network/i_voip.gif,1f607e174e74abefb05efd4a818f2e37,1f607e174e74abefb05efd4a818f2e37,1f607e174e74abefb05efd4a818f2e37,1f607e174e74abefb05efd4a818f2e37,1f607e174e74abefb05efd4a818f2e37,1f607e174e74abefb05efd4a818f2e37,1f607e174e74abefb05efd4a818f2e37,1f607e174e74abefb05efd4a818f2e37
/local/advance/images/menu_top.gif,3163987314cd5ae53184770cd95f9295,3163987314cd5ae53184770cd95f9295,3163987314cd5ae53184770cd95f9295,3163987314cd5ae53184770cd95f9295,3163987314cd5ae53184770cd95f9295,3163987314cd5ae53184770cd95f9295,3163987314cd5ae53184770cd95f9295,3163987314cd5ae53184770cd95f9295
/local/js/jquery.js,dad382c7c377bc51fb04df7c527e44b9,dad382c7c377bc51fb04df7c527e44b9,dad382c7c377bc51fb04df7c527e44b9,dad382c7c377bc51fb04df7c527e44b9,dad382c7c377bc51fb04df7c527e44b9,dad382c7c377bc51fb04df7c527e44b9,dad382c7c377bc51fb04df7c527e44b9,dad382c7c377bc51fb04df7c527e44b9
/local/images/css.css,930ca7ab19f2c3ea33751e80dab3db63,930ca7ab19f2c3ea33751e80dab3db63,930ca7ab19f2c3ea33751e80dab3db63,074ccd0956828014097bc0615e1b22b4,074ccd0956828014097bc0615e1b22b4,074ccd0956828014097bc0615e1b22b4,074ccd0956828014097bc0615e1b22b4,074ccd0956828014097bc0615e1b22b4
/local/advance/images/b_maintenance.gif,ee9fe0bb81cc9cf8396340488a8d625c,ee9fe0bb81cc9cf8396340488a8d625c,ee9fe0bb81cc9cf8396340488a8d625c,ee9fe0bb81cc9cf8396340488a8d625c,ee9fe0bb81cc9cf8396340488a8d625c,ee9fe0bb81cc9cf8396340488a8d625c,ee9fe0bb81cc9cf8396340488a8d625c,ee9fe0bb81cc9cf8396340488a8d625c
/local/advance/images/i_percentage_blue.gif,81ba2760a56bcacfbb7968e4acb67ae7,81ba2760a56bcacfbb7968e4acb67ae7,81ba2760a56bcacfbb7968e4acb67ae7,81ba2760a56bcacfbb7968e4acb67ae7,81ba2760a56bcacfbb7968e4acb67ae7,81ba2760a56bcacfbb7968e4acb67ae7,81ba2760a56bcacfbb7968e4acb67ae7,81ba2760a56bcacfbb7968e4acb67ae7
/local/advance/images/message_bar2.gif,162f2cdbb0eadc379a64bb9b0eea284a,162f2cdbb0eadc379a64bb9b0eea284a,162f2cdbb0eadc379a64bb9b0eea284a,162f2cdbb0eadc379a64bb9b0eea284a,162f2cdbb0eadc379a64bb9b0eea284a,162f2cdbb0eadc379a64bb9b0eea284a,162f2cdbb0eadc379a64bb9b0eea284a,162f2cdbb0eadc379a64bb9b0eea284a
/local/advance/images/join.gif,dc7b7c5133f21220f8b36d7f51d6d3eb,dc7b7c5133f21220f8b36d7f51d6d3eb,dc7b7c5133f21220f8b36d7f51d6d3eb,dc7b7c5133f21220f8b36d7f51d6d3eb,dc7b7c5133f21220f8b36d7f51d6d3eb,dc7b7c5133f21220f8b36d7f51d6d3eb,dc7b7c5133f21220f8b36d7f51d6d3eb,dc7b7c5133f21220f8b36d7f51d6d3eb
/local/advance/images/plus.gif,35083392a79c17860dfd25afe26d5a72,35083392a79c17860dfd25afe26d5a72,35083392a79c17860dfd25afe26d5a72,35083392a79c17860dfd25afe26d5a72,35083392a79c17860dfd25afe26d5a72,35083392a79c17860dfd25afe26d5a72,35083392a79c17860dfd25afe26d5a72,35083392a79c17860dfd25afe26d5a72
/local/images/i_status_on.gif,fdf39d4a7c025994003ac9c500b30dc4,fdf39d4a7c025994003ac9c500b30dc4,fdf39d4a7c025994003ac9c500b30dc4,fdf39d4a7c025994003ac9c500b30dc4,fdf39d4a7c025994003ac9c500b30dc4,fdf39d4a7c025994003ac9c500b30dc4,fdf39d4a7c025994003ac9c500b30dc4,fdf39d4a7c025994003ac9c500b30dc4
/local/images/bandwidth_main.jpg,1b20c62f8f725c63892c9bd117911ffc,1b20c62f8f725c63892c9bd117911ffc,1b20c62f8f725c63892c9bd117911ffc,1b20c62f8f725c63892c9bd117911ffc,1b20c62f8f725c63892c9bd117911ffc,1b20c62f8f725c63892c9bd117911ffc,1b20c62f8f725c63892c9bd117911ffc,1b20c62f8f725c63892c9bd117911ffc
/cloudy.jpg,af6f5c05a8f87cf47b480006929524c3,af6f5c05a8f87cf47b480006929524c3,af6f5c05a8f87cf47b480006929524c3,af6f5c05a8f87cf47b480006929524c3,af6f5c05a8f87cf47b480006929524c3,af6f5c05a8f87cf47b480006929524c3,af6f5c05a8f87cf47b480006929524c3,af6f5c05a8f87cf47b480006929524c3
/local/images/i_logout.gif,ccd8aac3ed845a3c5299aa68f5db4f52,ccd8aac3ed845a3c5299aa68f5db4f52,ccd8aac3ed845a3c5299aa68f5db4f52,ccd8aac3ed845a3c5299aa68f5db4f52,ccd8aac3ed845a3c5299aa68f5db4f52,ccd8aac3ed845a3c5299aa68f5db4f52,ccd8aac3ed845a3c5299aa68f5db4f52,ccd8aac3ed845a3c5299aa68f5db4f52
/local/advance/images/popup_down_center.gif,7cf763ff802dfa22cacc87798b4302ac,7cf763ff802dfa22cacc87798b4302ac,7cf763ff802dfa22cacc87798b4302ac,7cf763ff802dfa22cacc87798b4302ac,7cf763ff802dfa22cacc87798b4302ac,7cf763ff802dfa22cacc87798b4302ac,7cf763ff802dfa22cacc87798b4302ac,7cf763ff802dfa22cacc87798b4302ac
/local/advance/images/i_easy.gif,23e06dabfffe2b44a46ff06395791aec,23e06dabfffe2b44a46ff06395791aec,23e06dabfffe2b44a46ff06395791aec,23e06dabfffe2b44a46ff06395791aec,23e06dabfffe2b44a46ff06395791aec,23e06dabfffe2b44a46ff06395791aec,23e06dabfffe2b44a46ff06395791aec,23e06dabfffe2b44a46ff06395791aec
/local/advance/images/nolines_plus.gif,35083392a79c17860dfd25afe26d5a72,35083392a79c17860dfd25afe26d5a72,35083392a79c17860dfd25afe26d5a72,35083392a79c17860dfd25afe26d5a72,35083392a79c17860dfd25afe26d5a72,35083392a79c17860dfd25afe26d5a72,35083392a79c17860dfd25afe26d5a72,35083392a79c17860dfd25afe26d5a72
/local/passWarning.html,c0cfbfa040e81163623dc61379a9e784,1ae2cc8fa1292a31677dbfa480fa8356,1ae2cc8fa1292a31677dbfa480fa8356,1ae2cc8fa1292a31677dbfa480fa8356,1ae2cc8fa1292a31677dbfa480fa8356,1ae2cc8fa1292a31677dbfa480fa8356,1ae2cc8fa1292a31677dbfa480fa8356,1ae2cc8fa1292a31677dbfa480fa8356
/local/advance/images/table_top_center.gif,145be91fbbeeddf6576478dccad274a1,145be91fbbeeddf6576478dccad274a1,145be91fbbeeddf6576478dccad274a1,145be91fbbeeddf6576478dccad274a1,145be91fbbeeddf6576478dccad274a1,145be91fbbeeddf6576478dccad274a1,145be91fbbeeddf6576478dccad274a1,145be91fbbeeddf6576478dccad274a1
/local/images/i_home.gif,f1376bb2094208aeda6514d93554e973,f1376bb2094208aeda6514d93554e973,f1376bb2094208aeda6514d93554e973,f1376bb2094208aeda6514d93554e973,f1376bb2094208aeda6514d93554e973,f1376bb2094208aeda6514d93554e973,f1376bb2094208aeda6514d93554e973,f1376bb2094208aeda6514d93554e973
/local/advance/images/b_dashboard_on.gif,591a2c7e7a6f4a709dcc5900e9c79511,591a2c7e7a6f4a709dcc5900e9c79511,591a2c7e7a6f4a709dcc5900e9c79511,591a2c7e7a6f4a709dcc5900e9c79511,591a2c7e7a6f4a709dcc5900e9c79511,591a2c7e7a6f4a709dcc5900e9c79511,591a2c7e7a6f4a709dcc5900e9c79511,591a2c7e7a6f4a709dcc5900e9c79511
/local/images/i_firewall_on.gif,aed718a41d7f56c6c0c508b42ad3ef94,aed718a41d7f56c6c0c508b42ad3ef94,aed718a41d7f56c6c0c508b42ad3ef94,aed718a41d7f56c6c0c508b42ad3ef94,aed718a41d7f56c6c0c508b42ad3ef94,aed718a41d7f56c6c0c508b42ad3ef94,aed718a41d7f56c6c0c508b42ad3ef94,aed718a41d7f56c6c0c508b42ad3ef94
/local/images/green_button_right.jpg,a5882e4aa22d5c5d0d99c03f0ef4cd46,a5882e4aa22d5c5d0d99c03f0ef4cd46,a5882e4aa22d5c5d0d99c03f0ef4cd46,a5882e4aa22d5c5d0d99c03f0ef4cd46,a5882e4aa22d5c5d0d99c03f0ef4cd46,a5882e4aa22d5c5d0d99c03f0ef4cd46,a5882e4aa22d5c5d0d99c03f0ef4cd46,a5882e4aa22d5c5d0d99c03f0ef4cd46
/i_myrouter.jpg,7f543edaa0d218987607aa7a255854ce,7f543edaa0d218987607aa7a255854ce,7f543edaa0d218987607aa7a255854ce,7f543edaa0d218987607aa7a255854ce,7f543edaa0d218987607aa7a255854ce,7f543edaa0d218987607aa7a255854ce,7f543edaa0d218987607aa7a255854ce,7f543edaa0d218987607aa7a255854ce
/local/images/confirm/header.gif,92e353c62a78c8fce545a87c2f260c85,92e353c62a78c8fce545a87c2f260c85,92e353c62a78c8fce545a87c2f260c85,92e353c62a78c8fce545a87c2f260c85,92e353c62a78c8fce545a87c2f260c85,92e353c62a78c8fce545a87c2f260c85,92e353c62a78c8fce545a87c2f260c85,92e353c62a78c8fce545a87c2f260c85
/local/advance/images/i_widget_left.jpg,3a870db74f86af49da0371aff3c23e11,3a870db74f86af49da0371aff3c23e11,3a870db74f86af49da0371aff3c23e11,3a870db74f86af49da0371aff3c23e11,3a870db74f86af49da0371aff3c23e11,3a870db74f86af49da0371aff3c23e11,3a870db74f86af49da0371aff3c23e11,3a870db74f86af49da0371aff3c23e11
/local/advance/images/b_monitor_on.gif,7e5dbfdec4406866b116924191e534aa,7e5dbfdec4406866b116924191e534aa,7e5dbfdec4406866b116924191e534aa,7e5dbfdec4406866b116924191e534aa,7e5dbfdec4406866b116924191e534aa,7e5dbfdec4406866b116924191e534aa,7e5dbfdec4406866b116924191e534aa,7e5dbfdec4406866b116924191e534aa
/local/advance/images/line.gif,ca7f85a40ebc9ab1300b9284d33f633f,ca7f85a40ebc9ab1300b9284d33f633f,ca7f85a40ebc9ab1300b9284d33f633f,ca7f85a40ebc9ab1300b9284d33f633f,ca7f85a40ebc9ab1300b9284d33f633f,ca7f85a40ebc9ab1300b9284d33f633f,ca7f85a40ebc9ab1300b9284d33f633f,ca7f85a40ebc9ab1300b9284d33f633f
/local/advance/normal_rebooting.html,85f3ca0d98f1fb5d3fb31146cd874ebb,85f3ca0d98f1fb5d3fb31146cd874ebb,85f3ca0d98f1fb5d3fb31146cd874ebb,85f3ca0d98f1fb5d3fb31146cd874ebb,85f3ca0d98f1fb5d3fb31146cd874ebb,85f3ca0d98f1fb5d3fb31146cd874ebb,85f3ca0d98f1fb5d3fb31146cd874ebb,85f3ca0d98f1fb5d3fb31146cd874ebb
/local/advance/images/down0.gif,509cb16c4d26184b3ce6186fdc0ee08a,509cb16c4d26184b3ce6186fdc0ee08a,509cb16c4d26184b3ce6186fdc0ee08a,509cb16c4d26184b3ce6186fdc0ee08a,509cb16c4d26184b3ce6186fdc0ee08a,509cb16c4d26184b3ce6186fdc0ee08a,509cb16c4d26184b3ce6186fdc0ee08a,509cb16c4d26184b3ce6186fdc0ee08a
/local/advance/images/i_close.gif,661779db77e8d579e53eb5136cb4cfd6,661779db77e8d579e53eb5136cb4cfd6,661779db77e8d579e53eb5136cb4cfd6,661779db77e8d579e53eb5136cb4cfd6,661779db77e8d579e53eb5136cb4cfd6,661779db77e8d579e53eb5136cb4cfd6,661779db77e8d579e53eb5136cb4cfd6,661779db77e8d579e53eb5136cb4cfd6
/local/images/mycontentflow.css,a8adb40d3e42334a5a35ae573e0f71a2,a8adb40d3e42334a5a35ae573e0f71a2,a8adb40d3e42334a5a35ae573e0f71a2,a8adb40d3e42334a5a35ae573e0f71a2,a8adb40d3e42334a5a35ae573e0f71a2,a8adb40d3e42334a5a35ae573e0f71a2,a8adb40d3e42334a5a35ae573e0f71a2,a8adb40d3e42334a5a35ae573e0f71a2
/local/images/b_media.gif,cd694756822f235173bca3dc9acd4d2d,cd694756822f235173bca3dc9acd4d2d,cd694756822f235173bca3dc9acd4d2d,cd694756822f235173bca3dc9acd4d2d,cd694756822f235173bca3dc9acd4d2d,cd694756822f235173bca3dc9acd4d2d,cd694756822f235173bca3dc9acd4d2d,cd694756822f235173bca3dc9acd4d2d
/local/images/network/yline.gif,32027454c09aa18988482c8f3ac07892,32027454c09aa18988482c8f3ac07892,32027454c09aa18988482c8f3ac07892,32027454c09aa18988482c8f3ac07892,32027454c09aa18988482c8f3ac07892,32027454c09aa18988482c8f3ac07892,32027454c09aa18988482c8f3ac07892,32027454c09aa18988482c8f3ac07892
/local/advance/images/o.gif,a382caf884d274d443b7a7361d486ce8,a382caf884d274d443b7a7361d486ce8,a382caf884d274d443b7a7361d486ce8,a382caf884d274d443b7a7361d486ce8,a382caf884d274d443b7a7361d486ce8,a382caf884d274d443b7a7361d486ce8,a382caf884d274d443b7a7361d486ce8,a382caf884d274d443b7a7361d486ce8
/local/images/g_warning.jpg,57a54cc4d0b107a8bfdf6f14348b97d1,57a54cc4d0b107a8bfdf6f14348b97d1,57a54cc4d0b107a8bfdf6f14348b97d1,57a54cc4d0b107a8bfdf6f14348b97d1,57a54cc4d0b107a8bfdf6f14348b97d1,57a54cc4d0b107a8bfdf6f14348b97d1,57a54cc4d0b107a8bfdf6f14348b97d1,57a54cc4d0b107a8bfdf6f14348b97d1
/b_close_on.gif,3e245aff039a22b780c432f72d4b15ec,3e245aff039a22b780c432f72d4b15ec,3e245aff039a22b780c432f72d4b15ec,3e245aff039a22b780c432f72d4b15ec,3e245aff039a22b780c432f72d4b15ec,3e245aff039a22b780c432f72d4b15ec,3e245aff039a22b780c432f72d4b15ec,3e245aff039a22b780c432f72d4b15ec
/local/images/i_powersafe_on.gif,ec515adcb96450c9d6338548fb2d8b1b,ec515adcb96450c9d6338548fb2d8b1b,ec515adcb96450c9d6338548fb2d8b1b,ec515adcb96450c9d6338548fb2d8b1b,ec515adcb96450c9d6338548fb2d8b1b,ec515adcb96450c9d6338548fb2d8b1b,ec515adcb96450c9d6338548fb2d8b1b,ec515adcb96450c9d6338548fb2d8b1b
/local/images/button2_on.jpg,82d77bf46b89f4de4a97c853f580ff47,82d77bf46b89f4de4a97c853f580ff47,82d77bf46b89f4de4a97c853f580ff47,82d77bf46b89f4de4a97c853f580ff47,82d77bf46b89f4de4a97c853f580ff47,82d77bf46b89f4de4a97c853f580ff47,82d77bf46b89f4de4a97c853f580ff47,82d77bf46b89f4de4a97c853f580ff47
/local/firewall.html,dd7aa28b2b639e68a4cba70d15d94328,dd7aa28b2b639e68a4cba70d15d94328,dd7aa28b2b639e68a4cba70d15d94328,dd7aa28b2b639e68a4cba70d15d94328,dd7aa28b2b639e68a4cba70d15d94328,dd7aa28b2b639e68a4cba70d15d94328,dd7aa28b2b639e68a4cba70d15d94328,dd7aa28b2b639e68a4cba70d15d94328
/local/advance/images/vr_bg_rigth.gif,2928efbf49113f47a0ca4e9df2c2775d,2928efbf49113f47a0ca4e9df2c2775d,2928efbf49113f47a0ca4e9df2c2775d,2928efbf49113f47a0ca4e9df2c2775d,2928efbf49113f47a0ca4e9df2c2775d,2928efbf49113f47a0ca4e9df2c2775d,2928efbf49113f47a0ca4e9df2c2775d,2928efbf49113f47a0ca4e9df2c2775d
/local/empty.html,c160befd331ce907d775b159d118a4ed,c160befd331ce907d775b159d118a4ed,c160befd331ce907d775b159d118a4ed,c160befd331ce907d775b159d118a4ed,c160befd331ce907d775b159d118a4ed,c160befd331ce907d775b159d118a4ed,c160befd331ce907d775b159d118a4ed,c160befd331ce907d775b159d118a4ed
/local/advance/images/popup_top_center.gif,cea411e7d8ac2b433ea23dc38350cdc9,cea411e7d8ac2b433ea23dc38350cdc9,cea411e7d8ac2b433ea23dc38350cdc9,cea411e7d8ac2b433ea23dc38350cdc9,cea411e7d8ac2b433ea23dc38350cdc9,cea411e7d8ac2b433ea23dc38350cdc9,cea411e7d8ac2b433ea23dc38350cdc9,cea411e7d8ac2b433ea23dc38350cdc9
/local/images/i_home_on.gif,8d610ae7d47f7fd510ee9e31dbf3c36b,8d610ae7d47f7fd510ee9e31dbf3c36b,8d610ae7d47f7fd510ee9e31dbf3c36b,8d610ae7d47f7fd510ee9e31dbf3c36b,8d610ae7d47f7fd510ee9e31dbf3c36b,8d610ae7d47f7fd510ee9e31dbf3c36b,8d610ae7d47f7fd510ee9e31dbf3c36b,8d610ae7d47f7fd510ee9e31dbf3c36b
/local/advance/upload_rebooting.html,42f804e171079c15596b3948e3c3292f,42f804e171079c15596b3948e3c3292f,42f804e171079c15596b3948e3c3292f,42f804e171079c15596b3948e3c3292f,42f804e171079c15596b3948e3c3292f,42f804e171079c15596b3948e3c3292f,42f804e171079c15596b3948e3c3292f,42f804e171079c15596b3948e3c3292f
/local/images/p_line_on.gif,88e45397998000aa087b222a3af89b06,88e45397998000aa087b222a3af89b06,88e45397998000aa087b222a3af89b06,88e45397998000aa087b222a3af89b06,88e45397998000aa087b222a3af89b06,88e45397998000aa087b222a3af89b06,88e45397998000aa087b222a3af89b06,88e45397998000aa087b222a3af89b06
/fine_cloudy.jpg,d320b1adad4d575606699fdb73c5c236,d320b1adad4d575606699fdb73c5c236,d320b1adad4d575606699fdb73c5c236,d320b1adad4d575606699fdb73c5c236,d320b1adad4d575606699fdb73c5c236,d320b1adad4d575606699fdb73c5c236,d320b1adad4d575606699fdb73c5c236,d320b1adad4d575606699fdb73c5c236
/local/advance/images/i_about.gif,db351eaa8069b3bc4dc8a6020a37ada5,db351eaa8069b3bc4dc8a6020a37ada5,db351eaa8069b3bc4dc8a6020a37ada5,db351eaa8069b3bc4dc8a6020a37ada5,db351eaa8069b3bc4dc8a6020a37ada5,db351eaa8069b3bc4dc8a6020a37ada5,db351eaa8069b3bc4dc8a6020a37ada5,db351eaa8069b3bc4dc8a6020a37ada5
/local/advance/images/line2.gif,d9e42c2ca4595e521fbc0c5defc5d037,d9e42c2ca4595e521fbc0c5defc5d037,d9e42c2ca4595e521fbc0c5defc5d037,d9e42c2ca4595e521fbc0c5defc5d037,d9e42c2ca4595e521fbc0c5defc5d037,d9e42c2ca4595e521fbc0c5defc5d037,d9e42c2ca4595e521fbc0c5defc5d037,d9e42c2ca4595e521fbc0c5defc5d037
/local/images/b_others_on.gif,70184e5cc9a7e9722c4a7c486da5c47f,70184e5cc9a7e9722c4a7c486da5c47f,70184e5cc9a7e9722c4a7c486da5c47f,70184e5cc9a7e9722c4a7c486da5c47f,70184e5cc9a7e9722c4a7c486da5c47f,70184e5cc9a7e9722c4a7c486da5c47f,70184e5cc9a7e9722c4a7c486da5c47f,70184e5cc9a7e9722c4a7c486da5c47f
/local/advance/wan.html,404,4b20493f2e3f201d4ec77acfca0d113b,4b20493f2e3f201d4ec77acfca0d113b,4b20493f2e3f201d4ec77acfca0d113b,4b20493f2e3f201d4ec77acfca0d113b,4b20493f2e3f201d4ec77acfca0d113b,4b20493f2e3f201d4ec77acfca0d113b,4b20493f2e3f201d4ec77acfca0d113b
/local/images/number_bg.jpg,29106f243336e5e64f40cd1e96651571,29106f243336e5e64f40cd1e96651571,29106f243336e5e64f40cd1e96651571,29106f243336e5e64f40cd1e96651571,29106f243336e5e64f40cd1e96651571,29106f243336e5e64f40cd1e96651571,29106f243336e5e64f40cd1e96651571,29106f243336e5e64f40cd1e96651571
/local/images/search.gif,a73854f4d3359daea020b02a6a3b51c7,a73854f4d3359daea020b02a6a3b51c7,a73854f4d3359daea020b02a6a3b51c7,a73854f4d3359daea020b02a6a3b51c7,a73854f4d3359daea020b02a6a3b51c7,a73854f4d3359daea020b02a6a3b51c7,a73854f4d3359daea020b02a6a3b51c7,a73854f4d3359daea020b02a6a3b51c7
/fine.jpg,9aca234ad818eecf9cd40fc85a2b0c67,9aca234ad818eecf9cd40fc85a2b0c67,9aca234ad818eecf9cd40fc85a2b0c67,9aca234ad818eecf9cd40fc85a2b0c67,9aca234ad818eecf9cd40fc85a2b0c67,9aca234ad818eecf9cd40fc85a2b0c67,9aca234ad818eecf9cd40fc85a2b0c67,9aca234ad818eecf9cd40fc85a2b0c67
/ez_css.css,0cac8685dcf870a7880bc028b04630ee,0cac8685dcf870a7880bc028b04630ee,0cac8685dcf870a7880bc028b04630ee,0cac8685dcf870a7880bc028b04630ee,0cac8685dcf870a7880bc028b04630ee,0cac8685dcf870a7880bc028b04630ee,0cac8685dcf870a7880bc028b04630ee,0cac8685dcf870a7880bc028b04630ee
/local/genie2-4.html,349e06576b3a47eb46035c8cea1ff7c5,349e06576b3a47eb46035c8cea1ff7c5,349e06576b3a47eb46035c8cea1ff7c5,349e06576b3a47eb46035c8cea1ff7c5,349e06576b3a47eb46035c8cea1ff7c5,349e06576b3a47eb46035c8cea1ff7c5,349e06576b3a47eb46035c8cea1ff7c5,349e06576b3a47eb46035c8cea1ff7c5
/local/advance/images/i_info.jpg,02208f5f13acb588d65b475750705a50,02208f5f13acb588d65b475750705a50,02208f5f13acb588d65b475750705a50,02208f5f13acb588d65b475750705a50,02208f5f13acb588d65b475750705a50,02208f5f13acb588d65b475750705a50,02208f5f13acb588d65b475750705a50,02208f5f13acb588d65b475750705a50
/local/js/contentflow_src.js,2c5a628908c8dd1fdb695110941e72b4,2c5a628908c8dd1fdb695110941e72b4,2c5a628908c8dd1fdb695110941e72b4,2c5a628908c8dd1fdb695110941e72b4,2c5a628908c8dd1fdb695110941e72b4,2c5a628908c8dd1fdb695110941e72b4,2c5a628908c8dd1fdb695110941e72b4,2c5a628908c8dd1fdb695110941e72b4
/local/advance/images/popup_down_right.gif,9392a59c2ad182d8775ef6ed6430dfb1,9392a59c2ad182d8775ef6ed6430dfb1,9392a59c2ad182d8775ef6ed6430dfb1,9392a59c2ad182d8775ef6ed6430dfb1,9392a59c2ad182d8775ef6ed6430dfb1,9392a59c2ad182d8775ef6ed6430dfb1,9392a59c2ad182d8775ef6ed6430dfb1,9392a59c2ad182d8775ef6ed6430dfb1
/popup_top_center.gif,cea411e7d8ac2b433ea23dc38350cdc9,cea411e7d8ac2b433ea23dc38350cdc9,cea411e7d8ac2b433ea23dc38350cdc9,cea411e7d8ac2b433ea23dc38350cdc9,cea411e7d8ac2b433ea23dc38350cdc9,cea411e7d8ac2b433ea23dc38350cdc9,cea411e7d8ac2b433ea23dc38350cdc9,cea411e7d8ac2b433ea23dc38350cdc9
/local/images/i_expert.gif,50575b43e41fe42ec2ee13fc84c46413,50575b43e41fe42ec2ee13fc84c46413,50575b43e41fe42ec2ee13fc84c46413,50575b43e41fe42ec2ee13fc84c46413,50575b43e41fe42ec2ee13fc84c46413,50575b43e41fe42ec2ee13fc84c46413,50575b43e41fe42ec2ee13fc84c46413,50575b43e41fe42ec2ee13fc84c46413
/local/images/b_voip_on.gif,f8e903ee9aacc600a1b340be186ec789,f8e903ee9aacc600a1b340be186ec789,f8e903ee9aacc600a1b340be186ec789,f8e903ee9aacc600a1b340be186ec789,f8e903ee9aacc600a1b340be186ec789,f8e903ee9aacc600a1b340be186ec789,f8e903ee9aacc600a1b340be186ec789,f8e903ee9aacc600a1b340be186ec789
/local/images/reset.css,77a0343f9e20ab5599b97e7a27972494,77a0343f9e20ab5599b97e7a27972494,77a0343f9e20ab5599b97e7a27972494,77a0343f9e20ab5599b97e7a27972494,77a0343f9e20ab5599b97e7a27972494,77a0343f9e20ab5599b97e7a27972494,77a0343f9e20ab5599b97e7a27972494,77a0343f9e20ab5599b97e7a27972494
/local/images/confirm/button.gif,5fe738a90a3681dec49ec61cffafbbeb,5fe738a90a3681dec49ec61cffafbbeb,5fe738a90a3681dec49ec61cffafbbeb,5fe738a90a3681dec49ec61cffafbbeb,5fe738a90a3681dec49ec61cffafbbeb,5fe738a90a3681dec49ec61cffafbbeb,5fe738a90a3681dec49ec61cffafbbeb,5fe738a90a3681dec49ec61cffafbbeb
/local/advance/samonitor.html,404,fcaff8633feb1a88f7648d8a0497e4d9,fcaff8633feb1a88f7648d8a0497e4d9,fcaff8633feb1a88f7648d8a0497e4d9,fcaff8633feb1a88f7648d8a0497e4d9,fcaff8633feb1a88f7648d8a0497e4d9,fcaff8633feb1a88f7648d8a0497e4d9,fcaff8633feb1a88f7648d8a0497e4d9
/local/images/frame_left.gif,9c930155fe42fd77143235d055b5fd72,9c930155fe42fd77143235d055b5fd72,9c930155fe42fd77143235d055b5fd72,9c930155fe42fd77143235d055b5fd72,9c930155fe42fd77143235d055b5fd72,9c930155fe42fd77143235d055b5fd72,9c930155fe42fd77143235d055b5fd72,9c930155fe42fd77143235d055b5fd72
/local/images/i_game_on.gif,31953555bde491a8dd3adc9bd942a62d,31953555bde491a8dd3adc9bd942a62d,31953555bde491a8dd3adc9bd942a62d,31953555bde491a8dd3adc9bd942a62d,31953555bde491a8dd3adc9bd942a62d,31953555bde491a8dd3adc9bd942a62d,31953555bde491a8dd3adc9bd942a62d,31953555bde491a8dd3adc9bd942a62d
/local/js/jquery.jcontext.1.0.js,e92c23b82ddd4d7055f4d6b75b870a90,e92c23b82ddd4d7055f4d6b75b870a90,e92c23b82ddd4d7055f4d6b75b870a90,e92c23b82ddd4d7055f4d6b75b870a90,e92c23b82ddd4d7055f4d6b75b870a90,e92c23b82ddd4d7055f4d6b75b870a90,e92c23b82ddd4d7055f4d6b75b870a90,e92c23b82ddd4d7055f4d6b75b870a90
/local/advance/images/popup_top_left.gif,22efa2b920403b95879a321bf5af90d4,22efa2b920403b95879a321bf5af90d4,22efa2b920403b95879a321bf5af90d4,22efa2b920403b95879a321bf5af90d4,22efa2b920403b95879a321bf5af90d4,22efa2b920403b95879a321bf5af90d4,22efa2b920403b95879a321bf5af90d4,22efa2b920403b95879a321bf5af90d4
/bg.gif,d3cc711301027c9d1ba6be72b46bd99f,d3cc711301027c9d1ba6be72b46bd99f,d3cc711301027c9d1ba6be72b46bd99f,d3cc711301027c9d1ba6be72b46bd99f,d3cc711301027c9d1ba6be72b46bd99f,d3cc711301027c9d1ba6be72b46bd99f,d3cc711301027c9d1ba6be72b46bd99f,d3cc711301027c9d1ba6be72b46bd99f
/local/genie2.html,3fbfc403c7278f20204713bcdea004e2,3fbfc403c7278f20204713bcdea004e2,3fbfc403c7278f20204713bcdea004e2,3fbfc403c7278f20204713bcdea004e2,3fbfc403c7278f20204713bcdea004e2,3fbfc403c7278f20204713bcdea004e2,3fbfc403c7278f20204713bcdea004e2,3fbfc403c7278f20204713bcdea004e2
/local/images/i_bandwidth_on.gif,2bb5804d38e4579795756d0307562017,2bb5804d38e4579795756d0307562017,2bb5804d38e4579795756d0307562017,2bb5804d38e4579795756d0307562017,2bb5804d38e4579795756d0307562017,2bb5804d38e4579795756d0307562017,2bb5804d38e4579795756d0307562017,2bb5804d38e4579795756d0307562017
/local/images/b_web.gif,e5cc3aacb90f4176e636d0a6443d5090,e5cc3aacb90f4176e636d0a6443d5090,e5cc3aacb90f4176e636d0a6443d5090,e5cc3aacb90f4176e636d0a6443d5090,e5cc3aacb90f4176e636d0a6443d5090,e5cc3aacb90f4176e636d0a6443d5090,e5cc3aacb90f4176e636d0a6443d5090,e5cc3aacb90f4176e636d0a6443d5090
/local/advance/images/i_path.gif,d06410239b67243ec8ce7d73c7105c18,d06410239b67243ec8ce7d73c7105c18,d06410239b67243ec8ce7d73c7105c18,d06410239b67243ec8ce7d73c7105c18,d06410239b67243ec8ce7d73c7105c18,d06410239b67243ec8ce7d73c7105c18,d06410239b67243ec8ce7d73c7105c18,d06410239b67243ec8ce7d73c7105c18
/local/images/wps_pic.gif,2520e8d6749ce7236e7fb55b61bf43fd,2520e8d6749ce7236e7fb55b61bf43fd,2520e8d6749ce7236e7fb55b61bf43fd,2520e8d6749ce7236e7fb55b61bf43fd,2520e8d6749ce7236e7fb55b61bf43fd,2520e8d6749ce7236e7fb55b61bf43fd,2520e8d6749ce7236e7fb55b61bf43fd,2520e8d6749ce7236e7fb55b61bf43fd
/local/advance/images/b_close_on.gif,3e245aff039a22b780c432f72d4b15ec,3e245aff039a22b780c432f72d4b15ec,3e245aff039a22b780c432f72d4b15ec,3e245aff039a22b780c432f72d4b15ec,3e245aff039a22b780c432f72d4b15ec,3e245aff039a22b780c432f72d4b15ec,3e245aff039a22b780c432f72d4b15ec,3e245aff039a22b780c432f72d4b15ec
/local/advance/images/button_left.gif,ba3df7832de60db198146d597cf726c8,ba3df7832de60db198146d597cf726c8,ba3df7832de60db198146d597cf726c8,ba3df7832de60db198146d597cf726c8,ba3df7832de60db198146d597cf726c8,ba3df7832de60db198146d597cf726c8,ba3df7832de60db198146d597cf726c8,ba3df7832de60db198146d597cf726c8
/local/images/i_parental_on.gif,ae97a3656a6a261c347837ec27f588ea,ae97a3656a6a261c347837ec27f588ea,ae97a3656a6a261c347837ec27f588ea,ae97a3656a6a261c347837ec27f588ea,ae97a3656a6a261c347837ec27f588ea,ae97a3656a6a261c347837ec27f588ea,ae97a3656a6a261c347837ec27f588ea,ae97a3656a6a261c347837ec27f588ea
/local/images/i_firewall2.gif,fe8967231aed865ba158d05523d6fa14,fe8967231aed865ba158d05523d6fa14,fe8967231aed865ba158d05523d6fa14,fe8967231aed865ba158d05523d6fa14,fe8967231aed865ba158d05523d6fa14,fe8967231aed865ba158d05523d6fa14,fe8967231aed865ba158d05523d6fa14,fe8967231aed865ba158d05523d6fa14
/local/images/b_p2p_on.gif,24a0cb29454b5b316f1f05f1f80b23f0,24a0cb29454b5b316f1f05f1f80b23f0,24a0cb29454b5b316f1f05f1f80b23f0,24a0cb29454b5b316f1f05f1f80b23f0,24a0cb29454b5b316f1f05f1f80b23f0,24a0cb29454b5b316f1f05f1f80b23f0,24a0cb29454b5b316f1f05f1f80b23f0,24a0cb29454b5b316f1f05f1f80b23f0
/local/images/bandwidth_top.jpg,cd4033f7e03f94cb41690cd66778b182,cd4033f7e03f94cb41690cd66778b182,cd4033f7e03f94cb41690cd66778b182,cd4033f7e03f94cb41690cd66778b182,cd4033f7e03f94cb41690cd66778b182,cd4033f7e03f94cb41690cd66778b182,cd4033f7e03f94cb41690cd66778b182,cd4033f7e03f94cb41690cd66778b182
/local/advance/images/dtree.js,21eaa21b6b4c75c7a6a49b0dee2b5473,21eaa21b6b4c75c7a6a49b0dee2b5473,21eaa21b6b4c75c7a6a49b0dee2b5473,21eaa21b6b4c75c7a6a49b0dee2b5473,21eaa21b6b4c75c7a6a49b0dee2b5473,21eaa21b6b4c75c7a6a49b0dee2b5473,21eaa21b6b4c75c7a6a49b0dee2b5473,21eaa21b6b4c75c7a6a49b0dee2b5473
/local/images/network/popup_top.gif,c62e71e43910cfd61375ef878305f6a8,c62e71e43910cfd61375ef878305f6a8,c62e71e43910cfd61375ef878305f6a8,c62e71e43910cfd61375ef878305f6a8,c62e71e43910cfd61375ef878305f6a8,c62e71e43910cfd61375ef878305f6a8,c62e71e43910cfd61375ef878305f6a8,c62e71e43910cfd61375ef878305f6a8
/local/advance/images/inside_main_frame.css,db9e25bfae3822ce01011270b4830cd2,db9e25bfae3822ce01011270b4830cd2,db9e25bfae3822ce01011270b4830cd2,db9e25bfae3822ce01011270b4830cd2,db9e25bfae3822ce01011270b4830cd2,db9e25bfae3822ce01011270b4830cd2,db9e25bfae3822ce01011270b4830cd2,db9e25bfae3822ce01011270b4830cd2
/local/images/s_myouter.jpg,89ccdeef88cff673603d74999040b2a7,89ccdeef88cff673603d74999040b2a7,89ccdeef88cff673603d74999040b2a7,89ccdeef88cff673603d74999040b2a7,89ccdeef88cff673603d74999040b2a7,89ccdeef88cff673603d74999040b2a7,89ccdeef88cff673603d74999040b2a7,89ccdeef88cff673603d74999040b2a7
/local/images/g_connect.jpg,021f55b53ad22e2ab897b5724080ce63,021f55b53ad22e2ab897b5724080ce63,021f55b53ad22e2ab897b5724080ce63,021f55b53ad22e2ab897b5724080ce63,021f55b53ad22e2ab897b5724080ce63,021f55b53ad22e2ab897b5724080ce63,021f55b53ad22e2ab897b5724080ce63,021f55b53ad22e2ab897b5724080ce63
/local/images/bandwidth_down.gif,e0c41145fadf85e4ffc4caf1f2c10f92,e0c41145fadf85e4ffc4caf1f2c10f92,e0c41145fadf85e4ffc4caf1f2c10f92,e0c41145fadf85e4ffc4caf1f2c10f92,e0c41145fadf85e4ffc4caf1f2c10f92,e0c41145fadf85e4ffc4caf1f2c10f92,e0c41145fadf85e4ffc4caf1f2c10f92,e0c41145fadf85e4ffc4caf1f2c10f92
/local/advance/images/checkmrk.gif,404,c3baf18584fbb06d521a84651e062a8b,c3baf18584fbb06d521a84651e062a8b,c3baf18584fbb06d521a84651e062a8b,c3baf18584fbb06d521a84651e062a8b,c3baf18584fbb06d521a84651e062a8b,c3baf18584fbb06d521a84651e062a8b,c3baf18584fbb06d521a84651e062a8b
/local/advance/images/table_content_left.gif,d87277d77e233dc625e7be8889be3511,d87277d77e233dc625e7be8889be3511,d87277d77e233dc625e7be8889be3511,d87277d77e233dc625e7be8889be3511,d87277d77e233dc625e7be8889be3511,d87277d77e233dc625e7be8889be3511,d87277d77e233dc625e7be8889be3511,d87277d77e233dc625e7be8889be3511
/local/images/checkbox_on.jpg,f6c789ed88713f20d6d5abf97fc04fb3,f6c789ed88713f20d6d5abf97fc04fb3,f6c789ed88713f20d6d5abf97fc04fb3,f6c789ed88713f20d6d5abf97fc04fb3,f6c789ed88713f20d6d5abf97fc04fb3,f6c789ed88713f20d6d5abf97fc04fb3,f6c789ed88713f20d6d5abf97fc04fb3,f6c789ed88713f20d6d5abf97fc04fb3
/local/images/network/i_earth_on.gif,f41b12ccd64135419f40fad6de7e281c,f41b12ccd64135419f40fad6de7e281c,f41b12ccd64135419f40fad6de7e281c,f41b12ccd64135419f40fad6de7e281c,f41b12ccd64135419f40fad6de7e281c,f41b12ccd64135419f40fad6de7e281c,f41b12ccd64135419f40fad6de7e281c,f41b12ccd64135419f40fad6de7e281c
/local/images/confirm.css,039f9b21c685340f87a08d496196f045,039f9b21c685340f87a08d496196f045,039f9b21c685340f87a08d496196f045,039f9b21c685340f87a08d496196f045,039f9b21c685340f87a08d496196f045,039f9b21c685340f87a08d496196f045,039f9b21c685340f87a08d496196f045,039f9b21c685340f87a08d496196f045
/local/images/checkbox.jpg,ce94fb4bd1fbbcb768c968792f57ad58,ce94fb4bd1fbbcb768c968792f57ad58,ce94fb4bd1fbbcb768c968792f57ad58,ce94fb4bd1fbbcb768c968792f57ad58,ce94fb4bd1fbbcb768c968792f57ad58,ce94fb4bd1fbbcb768c968792f57ad58,ce94fb4bd1fbbcb768c968792f57ad58,ce94fb4bd1fbbcb768c968792f57ad58
/local/images/i_wireless_security_on.gif,b4006d62afac8967ab4371da20e3621f,b4006d62afac8967ab4371da20e3621f,b4006d62afac8967ab4371da20e3621f,b4006d62afac8967ab4371da20e3621f,b4006d62afac8967ab4371da20e3621f,b4006d62afac8967ab4371da20e3621f,b4006d62afac8967ab4371da20e3621f,b4006d62afac8967ab4371da20e3621f
/local/genie2_error2.html,e4e3eedae093eedfe11acfe4d072d2aa,e4e3eedae093eedfe11acfe4d072d2aa,e4e3eedae093eedfe11acfe4d072d2aa,e4e3eedae093eedfe11acfe4d072d2aa,e4e3eedae093eedfe11acfe4d072d2aa,e4e3eedae093eedfe11acfe4d072d2aa,e4e3eedae093eedfe11acfe4d072d2aa,e4e3eedae093eedfe11acfe4d072d2aa
/popup_main_right.gif,e35b6aa38b89fa7d2780558231d58ccc,e35b6aa38b89fa7d2780558231d58ccc,e35b6aa38b89fa7d2780558231d58ccc,e35b6aa38b89fa7d2780558231d58ccc,e35b6aa38b89fa7d2780558231d58ccc,e35b6aa38b89fa7d2780558231d58ccc,e35b6aa38b89fa7d2780558231d58ccc,e35b6aa38b89fa7d2780558231d58ccc
/local/images/off.gif,33e5feca855148d6bbce30e602a71338,33e5feca855148d6bbce30e602a71338,33e5feca855148d6bbce30e602a71338,33e5feca855148d6bbce30e602a71338,33e5feca855148d6bbce30e602a71338,33e5feca855148d6bbce30e602a71338,33e5feca855148d6bbce30e602a71338,33e5feca855148d6bbce30e602a71338
/local/advance/images/hightline.gif,a49f913e85bac20ccb41680fbcb30364,a49f913e85bac20ccb41680fbcb30364,a49f913e85bac20ccb41680fbcb30364,a49f913e85bac20ccb41680fbcb30364,a49f913e85bac20ccb41680fbcb30364,a49f913e85bac20ccb41680fbcb30364,a49f913e85bac20ccb41680fbcb30364,a49f913e85bac20ccb41680fbcb30364
/popup_top_right.gif,436fe594ac886b48d1f28d03bb93de7b,436fe594ac886b48d1f28d03bb93de7b,436fe594ac886b48d1f28d03bb93de7b,436fe594ac886b48d1f28d03bb93de7b,436fe594ac886b48d1f28d03bb93de7b,436fe594ac886b48d1f28d03bb93de7b,436fe594ac886b48d1f28d03bb93de7b,436fe594ac886b48d1f28d03bb93de7b
/local/images/b_right_on.gif,5964f0674caf2fd08e0c2a079f8d6663,5964f0674caf2fd08e0c2a079f8d6663,5964f0674caf2fd08e0c2a079f8d6663,5964f0674caf2fd08e0c2a079f8d6663,5964f0674caf2fd08e0c2a079f8d6663,5964f0674caf2fd08e0c2a079f8d6663,5964f0674caf2fd08e0c2a079f8d6663,5964f0674caf2fd08e0c2a079f8d6663
/local/images/number_bg2.jpg,ea99383fadda1ae40546080151ed0be2,ea99383fadda1ae40546080151ed0be2,ea99383fadda1ae40546080151ed0be2,ea99383fadda1ae40546080151ed0be2,ea99383fadda1ae40546080151ed0be2,ea99383fadda1ae40546080151ed0be2,ea99383fadda1ae40546080151ed0be2,ea99383fadda1ae40546080151ed0be2
/local/images/bandwidth.css,a7ca7d356e10acc1ac255a918eb062f8,a7ca7d356e10acc1ac255a918eb062f8,a7ca7d356e10acc1ac255a918eb062f8,a7ca7d356e10acc1ac255a918eb062f8,a7ca7d356e10acc1ac255a918eb062f8,a7ca7d356e10acc1ac255a918eb062f8,a7ca7d356e10acc1ac255a918eb062f8,a7ca7d356e10acc1ac255a918eb062f8
/thunder_shower.jpg,eca767db3021178b8f868793b4d955c2,eca767db3021178b8f868793b4d955c2,eca767db3021178b8f868793b4d955c2,eca767db3021178b8f868793b4d955c2,eca767db3021178b8f868793b4d955c2,eca767db3021178b8f868793b4d955c2,eca767db3021178b8f868793b4d955c2,eca767db3021178b8f868793b4d955c2
/local/images/button_on.jpg,a51febfa9aee5c51e5f03ca4ebd4ec8b,a51febfa9aee5c51e5f03ca4ebd4ec8b,a51febfa9aee5c51e5f03ca4ebd4ec8b,a51febfa9aee5c51e5f03ca4ebd4ec8b,a51febfa9aee5c51e5f03ca4ebd4ec8b,a51febfa9aee5c51e5f03ca4ebd4ec8b,a51febfa9aee5c51e5f03ca4ebd4ec8b,a51febfa9aee5c51e5f03ca4ebd4ec8b
/local/advance/images/message_bar.gif,a750d42d15209432b281daa9ff73497b,a750d42d15209432b281daa9ff73497b,a750d42d15209432b281daa9ff73497b,a750d42d15209432b281daa9ff73497b,a750d42d15209432b281daa9ff73497b,a750d42d15209432b281daa9ff73497b,a750d42d15209432b281daa9ff73497b,a750d42d15209432b281daa9ff73497b
/local/images/network/popup_down.gif,c36a10eafe2de2dcd48c9519a9bbc063,c36a10eafe2de2dcd48c9519a9bbc063,c36a10eafe2de2dcd48c9519a9bbc063,c36a10eafe2de2dcd48c9519a9bbc063,c36a10eafe2de2dcd48c9519a9bbc063,c36a10eafe2de2dcd48c9519a9bbc063,c36a10eafe2de2dcd48c9519a9bbc063,c36a10eafe2de2dcd48c9519a9bbc063
/local/images/green_button.jpg,649a8f63a09a629c8f26e69d58bceae6,649a8f63a09a629c8f26e69d58bceae6,649a8f63a09a629c8f26e69d58bceae6,649a8f63a09a629c8f26e69d58bceae6,649a8f63a09a629c8f26e69d58bceae6,649a8f63a09a629c8f26e69d58bceae6,649a8f63a09a629c8f26e69d58bceae6,649a8f63a09a629c8f26e69d58bceae6
/local/images/i_powersaving.gif,ddda60feb95d5b88c491133394860a1f,ddda60feb95d5b88c491133394860a1f,ddda60feb95d5b88c491133394860a1f,ddda60feb95d5b88c491133394860a1f,ddda60feb95d5b88c491133394860a1f,ddda60feb95d5b88c491133394860a1f,ddda60feb95d5b88c491133394860a1f,ddda60feb95d5b88c491133394860a1f
/local/js/jquery.bgiframe.js,a868cdfcb65ff0bb01f30b5a4f56d080,a868cdfcb65ff0bb01f30b5a4f56d080,a868cdfcb65ff0bb01f30b5a4f56d080,a868cdfcb65ff0bb01f30b5a4f56d080,a868cdfcb65ff0bb01f30b5a4f56d080,a868cdfcb65ff0bb01f30b5a4f56d080,a868cdfcb65ff0bb01f30b5a4f56d080,a868cdfcb65ff0bb01f30b5a4f56d080
/local/js/jquery-1.2.6.js,d319fce099d06d87284775fb89fc3d91,d319fce099d06d87284775fb89fc3d91,d319fce099d06d87284775fb89fc3d91,d319fce099d06d87284775fb89fc3d91,d319fce099d06d87284775fb89fc3d91,d319fce099d06d87284775fb89fc3d91,d319fce099d06d87284775fb89fc3d91,d319fce099d06d87284775fb89fc3d91
/local/images/b_game_on.gif,74a2b0cf4bf4957936d3b1f160913354,74a2b0cf4bf4957936d3b1f160913354,74a2b0cf4bf4957936d3b1f160913354,74a2b0cf4bf4957936d3b1f160913354,74a2b0cf4bf4957936d3b1f160913354,74a2b0cf4bf4957936d3b1f160913354,74a2b0cf4bf4957936d3b1f160913354,74a2b0cf4bf4957936d3b1f160913354
/local/images/bandwidth_content_bg.gif,d03f369a6c6a4c5d23108115a408854a,d03f369a6c6a4c5d23108115a408854a,d03f369a6c6a4c5d23108115a408854a,d03f369a6c6a4c5d23108115a408854a,d03f369a6c6a4c5d23108115a408854a,d03f369a6c6a4c5d23108115a408854a,d03f369a6c6a4c5d23108115a408854a,d03f369a6c6a4c5d23108115a408854a
/local/js/interface.js,847407c01f884853efd73974931e2195,847407c01f884853efd73974931e2195,847407c01f884853efd73974931e2195,847407c01f884853efd73974931e2195,847407c01f884853efd73974931e2195,847407c01f884853efd73974931e2195,847407c01f884853efd73974931e2195,847407c01f884853efd73974931e2195
/local/images/b_others.gif,d186f6e74a83c2d6e22098277f54cb43,d186f6e74a83c2d6e22098277f54cb43,d186f6e74a83c2d6e22098277f54cb43,d186f6e74a83c2d6e22098277f54cb43,d186f6e74a83c2d6e22098277f54cb43,d186f6e74a83c2d6e22098277f54cb43,d186f6e74a83c2d6e22098277f54cb43,d186f6e74a83c2d6e22098277f54cb43
/local/images/b_game.gif,1bd10da5a72a77dc92b4f010de087a16,1bd10da5a72a77dc92b4f010de087a16,1bd10da5a72a77dc92b4f010de087a16,1bd10da5a72a77dc92b4f010de087a16,1bd10da5a72a77dc92b4f010de087a16,1bd10da5a72a77dc92b4f010de087a16,1bd10da5a72a77dc92b4f010de087a16,1bd10da5a72a77dc92b4f010de087a16
/local/images/network/red_button.gif,44f39b426dc6e6cb8db7e1a5cc8545c0,44f39b426dc6e6cb8db7e1a5cc8545c0,44f39b426dc6e6cb8db7e1a5cc8545c0,44f39b426dc6e6cb8db7e1a5cc8545c0,44f39b426dc6e6cb8db7e1a5cc8545c0,44f39b426dc6e6cb8db7e1a5cc8545c0,44f39b426dc6e6cb8db7e1a5cc8545c0,44f39b426dc6e6cb8db7e1a5cc8545c0
/popup_top_left.gif,22efa2b920403b95879a321bf5af90d4,22efa2b920403b95879a321bf5af90d4,22efa2b920403b95879a321bf5af90d4,22efa2b920403b95879a321bf5af90d4,22efa2b920403b95879a321bf5af90d4,22efa2b920403b95879a321bf5af90d4,22efa2b920403b95879a321bf5af90d4,22efa2b920403b95879a321bf5af90d4
/local/js/wireless_security.js,18e09e31bfabb7dcc8003cd930a27ade,18e09e31bfabb7dcc8003cd930a27ade,18e09e31bfabb7dcc8003cd930a27ade,18e09e31bfabb7dcc8003cd930a27ade,18e09e31bfabb7dcc8003cd930a27ade,18e09e31bfabb7dcc8003cd930a27ade,18e09e31bfabb7dcc8003cd930a27ade,18e09e31bfabb7dcc8003cd930a27ade
/popup_main_left.gif,d645a1a0fedeca53ab3af0a29f7c1e63,d645a1a0fedeca53ab3af0a29f7c1e63,d645a1a0fedeca53ab3af0a29f7c1e63,d645a1a0fedeca53ab3af0a29f7c1e63,d645a1a0fedeca53ab3af0a29f7c1e63,d645a1a0fedeca53ab3af0a29f7c1e63,d645a1a0fedeca53ab3af0a29f7c1e63,d645a1a0fedeca53ab3af0a29f7c1e63
/local/images/i_network.gif,6b65610150f95bdbe1f65d60d9dfc5a1,6b65610150f95bdbe1f65d60d9dfc5a1,6b65610150f95bdbe1f65d60d9dfc5a1,6b65610150f95bdbe1f65d60d9dfc5a1,6b65610150f95bdbe1f65d60d9dfc5a1,6b65610150f95bdbe1f65d60d9dfc5a1,6b65610150f95bdbe1f65d60d9dfc5a1,6b65610150f95bdbe1f65d60d9dfc5a1
/local/images/hole.jpg,cad2471afa01d458e49fd282cb2c4d8b,cad2471afa01d458e49fd282cb2c4d8b,cad2471afa01d458e49fd282cb2c4d8b,cad2471afa01d458e49fd282cb2c4d8b,cad2471afa01d458e49fd282cb2c4d8b,cad2471afa01d458e49fd282cb2c4d8b,cad2471afa01d458e49fd282cb2c4d8b,cad2471afa01d458e49fd282cb2c4d8b
/local/images/network/i_game.gif,1263938aae5a7dc3ef2cbdc4986bd9b8,1263938aae5a7dc3ef2cbdc4986bd9b8,1263938aae5a7dc3ef2cbdc4986bd9b8,1263938aae5a7dc3ef2cbdc4986bd9b8,1263938aae5a7dc3ef2cbdc4986bd9b8,1263938aae5a7dc3ef2cbdc4986bd9b8,1263938aae5a7dc3ef2cbdc4986bd9b8,1263938aae5a7dc3ef2cbdc4986bd9b8
/local/images/network/leftarrow.gif,df8c332db8450b32a88f8005dc504df7,df8c332db8450b32a88f8005dc504df7,df8c332db8450b32a88f8005dc504df7,df8c332db8450b32a88f8005dc504df7,df8c332db8450b32a88f8005dc504df7,df8c332db8450b32a88f8005dc504df7,df8c332db8450b32a88f8005dc504df7,df8c332db8450b32a88f8005dc504df7
/local/advance/images/i_rightrefresh.gif,30932c8dc59adc15e29ded9936adc8f8,30932c8dc59adc15e29ded9936adc8f8,30932c8dc59adc15e29ded9936adc8f8,30932c8dc59adc15e29ded9936adc8f8,30932c8dc59adc15e29ded9936adc8f8,30932c8dc59adc15e29ded9936adc8f8,30932c8dc59adc15e29ded9936adc8f8,30932c8dc59adc15e29ded9936adc8f8
/local/advance/images/i_edit.gif,42a86be75a4283c7171b8bc6af387c78,42a86be75a4283c7171b8bc6af387c78,42a86be75a4283c7171b8bc6af387c78,42a86be75a4283c7171b8bc6af387c78,42a86be75a4283c7171b8bc6af387c78,42a86be75a4283c7171b8bc6af387c78,42a86be75a4283c7171b8bc6af387c78,42a86be75a4283c7171b8bc6af387c78
/local/images/i_powersafe.gif,fee64eb93945364eef6c62248c5d397b,fee64eb93945364eef6c62248c5d397b,fee64eb93945364eef6c62248c5d397b,fee64eb93945364eef6c62248c5d397b,fee64eb93945364eef6c62248c5d397b,fee64eb93945364eef6c62248c5d397b,fee64eb93945364eef6c62248c5d397b,fee64eb93945364eef6c62248c5d397b
/local/advance/ftp.html,404,ff36f262fe44d51dc29653fe16f327db,ff36f262fe44d51dc29653fe16f327db,ff36f262fe44d51dc29653fe16f327db,ff36f262fe44d51dc29653fe16f327db,ff36f262fe44d51dc29653fe16f327db,ff36f262fe44d51dc29653fe16f327db,ff36f262fe44d51dc29653fe16f327db
/local/advance/images/i_active_off.gif,52b9a58b3e55a2cbedce4ba9db1dc805,52b9a58b3e55a2cbedce4ba9db1dc805,52b9a58b3e55a2cbedce4ba9db1dc805,52b9a58b3e55a2cbedce4ba9db1dc805,52b9a58b3e55a2cbedce4ba9db1dc805,52b9a58b3e55a2cbedce4ba9db1dc805,52b9a58b3e55a2cbedce4ba9db1dc805,52b9a58b3e55a2cbedce4ba9db1dc805
/local/images/network/popup_main_on.gif,fcd46eb4704123d67fbc0183b19d5e08,fcd46eb4704123d67fbc0183b19d5e08,fcd46eb4704123d67fbc0183b19d5e08,fcd46eb4704123d67fbc0183b19d5e08,fcd46eb4704123d67fbc0183b19d5e08,fcd46eb4704123d67fbc0183b19d5e08,fcd46eb4704123d67fbc0183b19d5e08,fcd46eb4704123d67fbc0183b19d5e08
/local/images/i_bandwidth_c.gif,6cba60e5947653431a827545b43cad88,6cba60e5947653431a827545b43cad88,6cba60e5947653431a827545b43cad88,6cba60e5947653431a827545b43cad88,6cba60e5947653431a827545b43cad88,6cba60e5947653431a827545b43cad88,6cba60e5947653431a827545b43cad88,6cba60e5947653431a827545b43cad88
/css.css,2ad0f1e54a7f746066d375106a71cc09,2ad0f1e54a7f746066d375106a71cc09,2ad0f1e54a7f746066d375106a71cc09,2ad0f1e54a7f746066d375106a71cc09,2ad0f1e54a7f746066d375106a71cc09,2ad0f1e54a7f746066d375106a71cc09,2ad0f1e54a7f746066d375106a71cc09,2ad0f1e54a7f746066d375106a71cc09
/local/images/network/rightarrow_on.gif,a05b5698c47329961e6c02ee8f6531de,a05b5698c47329961e6c02ee8f6531de,a05b5698c47329961e6c02ee8f6531de,a05b5698c47329961e6c02ee8f6531de,a05b5698c47329961e6c02ee8f6531de,a05b5698c47329961e6c02ee8f6531de,a05b5698c47329961e6c02ee8f6531de,a05b5698c47329961e6c02ee8f6531de
/local/images/p_line_d.gif,a29eb0f44673ed31553feec0b04cfb3d,a29eb0f44673ed31553feec0b04cfb3d,a29eb0f44673ed31553feec0b04cfb3d,a29eb0f44673ed31553feec0b04cfb3d,a29eb0f44673ed31553feec0b04cfb3d,a29eb0f44673ed31553feec0b04cfb3d,a29eb0f44673ed31553feec0b04cfb3d,a29eb0f44673ed31553feec0b04cfb3d
/local/images/pc_line.gif,8dd6aefcede11eb9fb58fa039e068355,8dd6aefcede11eb9fb58fa039e068355,8dd6aefcede11eb9fb58fa039e068355,8dd6aefcede11eb9fb58fa039e068355,8dd6aefcede11eb9fb58fa039e068355,8dd6aefcede11eb9fb58fa039e068355,8dd6aefcede11eb9fb58fa039e068355,8dd6aefcede11eb9fb58fa039e068355
/local/advance/images/i_warning.jpg,81cf1667185cc654079bd7e1acc05326,81cf1667185cc654079bd7e1acc05326,81cf1667185cc654079bd7e1acc05326,81cf1667185cc654079bd7e1acc05326,81cf1667185cc654079bd7e1acc05326,81cf1667185cc654079bd7e1acc05326,81cf1667185cc654079bd7e1acc05326,81cf1667185cc654079bd7e1acc05326
/local/images/b_media_on.gif,1cd8a05b32ca1434eabfc30307617515,1cd8a05b32ca1434eabfc30307617515,1cd8a05b32ca1434eabfc30307617515,1cd8a05b32ca1434eabfc30307617515,1cd8a05b32ca1434eabfc30307617515,1cd8a05b32ca1434eabfc30307617515,1cd8a05b32ca1434eabfc30307617515,1cd8a05b32ca1434eabfc30307617515
/local/images/on.gif,d94dd151dadf9ce22a033e470652aa2a,d94dd151dadf9ce22a033e470652aa2a,d94dd151dadf9ce22a033e470652aa2a,d94dd151dadf9ce22a033e470652aa2a,d94dd151dadf9ce22a033e470652aa2a,d94dd151dadf9ce22a033e470652aa2a,d94dd151dadf9ce22a033e470652aa2a,d94dd151dadf9ce22a033e470652aa2a
/i_close_on.gif,2c5dc94256a09fb5612a27df8763b4b3,2c5dc94256a09fb5612a27df8763b4b3,2c5dc94256a09fb5612a27df8763b4b3,2c5dc94256a09fb5612a27df8763b4b3,2c5dc94256a09fb5612a27df8763b4b3,2c5dc94256a09fb5612a27df8763b4b3,2c5dc94256a09fb5612a27df8763b4b3,2c5dc94256a09fb5612a27df8763b4b3
/local/advance/images/table.css,7f9bfd935d35c29f29404479935cf585,7f9bfd935d35c29f29404479935cf585,7f9bfd935d35c29f29404479935cf585,7f9bfd935d35c29f29404479935cf585,7f9bfd935d35c29f29404479935cf585,7f9bfd935d35c29f29404479935cf585,7f9bfd935d35c29f29404479935cf585,7f9bfd935d35c29f29404479935cf585
/setup_icon_on.gif,ba1f137e4a54dcb884ef2fbe2ede9e3d,ba1f137e4a54dcb884ef2fbe2ede9e3d,ba1f137e4a54dcb884ef2fbe2ede9e3d,ba1f137e4a54dcb884ef2fbe2ede9e3d,ba1f137e4a54dcb884ef2fbe2ede9e3d,ba1f137e4a54dcb884ef2fbe2ede9e3d,ba1f137e4a54dcb884ef2fbe2ede9e3d,ba1f137e4a54dcb884ef2fbe2ede9e3d
/local/genie5.html,dd8f4de6461eef33cec2da26dea2d178,dd8f4de6461eef33cec2da26dea2d178,dd8f4de6461eef33cec2da26dea2d178,17ca4716da61c1c3341134df91df10a8,17ca4716da61c1c3341134df91df10a8,17ca4716da61c1c3341134df91df10a8,17ca4716da61c1c3341134df91df10a8,17ca4716da61c1c3341134df91df10a8
/local/images/network/xline.gif,b6cd9ab02a29c11c5d83dfc0c685bdf4,b6cd9ab02a29c11c5d83dfc0c685bdf4,b6cd9ab02a29c11c5d83dfc0c685bdf4,b6cd9ab02a29c11c5d83dfc0c685bdf4,b6cd9ab02a29c11c5d83dfc0c685bdf4,b6cd9ab02a29c11c5d83dfc0c685bdf4,b6cd9ab02a29c11c5d83dfc0c685bdf4,b6cd9ab02a29c11c5d83dfc0c685bdf4
/local/advance/upload_process.html,691e0cb13bcaea9e6d31444cf554788e,691e0cb13bcaea9e6d31444cf554788e,8f802678b15f994de9030f6267d93749,8f802678b15f994de9030f6267d93749,8f802678b15f994de9030f6267d93749,8f802678b15f994de9030f6267d93749,8f802678b15f994de9030f6267d93749,8f802678b15f994de9030f6267d93749
/local/advance/wan_advance.html,404,4edd16b19091355be188e5fd5dda6c8f,4edd16b19091355be188e5fd5dda6c8f,4edd16b19091355be188e5fd5dda6c8f,4edd16b19091355be188e5fd5dda6c8f,4edd16b19091355be188e5fd5dda6c8f,4edd16b19091355be188e5fd5dda6c8f,4edd16b19091355be188e5fd5dda6c8f
/popup_down_center.gif,7cf763ff802dfa22cacc87798b4302ac,7cf763ff802dfa22cacc87798b4302ac,7cf763ff802dfa22cacc87798b4302ac,7cf763ff802dfa22cacc87798b4302ac,7cf763ff802dfa22cacc87798b4302ac,7cf763ff802dfa22cacc87798b4302ac,7cf763ff802dfa22cacc87798b4302ac,7cf763ff802dfa22cacc87798b4302ac
/local/images/network/i_housing.gif,a302e4d1476533608fabb6543f4eebbf,a302e4d1476533608fabb6543f4eebbf,a302e4d1476533608fabb6543f4eebbf,a302e4d1476533608fabb6543f4eebbf,a302e4d1476533608fabb6543f4eebbf,a302e4d1476533608fabb6543f4eebbf,a302e4d1476533608fabb6543f4eebbf,a302e4d1476533608fabb6543f4eebbf
/local/images/in_bg.jpg,f9ebda8a9130d8fbad8af01fdf4b16ec,f9ebda8a9130d8fbad8af01fdf4b16ec,f9ebda8a9130d8fbad8af01fdf4b16ec,f9ebda8a9130d8fbad8af01fdf4b16ec,f9ebda8a9130d8fbad8af01fdf4b16ec,f9ebda8a9130d8fbad8af01fdf4b16ec,f9ebda8a9130d8fbad8af01fdf4b16ec,f9ebda8a9130d8fbad8af01fdf4b16ec
/local/advance/images/i_left_refresh.gif,538202f6a94fecb4a0bf9f467a921cbe,538202f6a94fecb4a0bf9f467a921cbe,538202f6a94fecb4a0bf9f467a921cbe,538202f6a94fecb4a0bf9f467a921cbe,538202f6a94fecb4a0bf9f467a921cbe,538202f6a94fecb4a0bf9f467a921cbe,538202f6a94fecb4a0bf9f467a921cbe,538202f6a94fecb4a0bf9f467a921cbe
/local/genie2_error.html,69b21c9084dd5e3d5e9130c748f5ee10,69b21c9084dd5e3d5e9130c748f5ee10,69b21c9084dd5e3d5e9130c748f5ee10,69b21c9084dd5e3d5e9130c748f5ee10,69b21c9084dd5e3d5e9130c748f5ee10,69b21c9084dd5e3d5e9130c748f5ee10,69b21c9084dd5e3d5e9130c748f5ee10,69b21c9084dd5e3d5e9130c748f5ee10
/local/images/g_icon.jpg,13b410c1470fd5380d4f2de9614acfc2,13b410c1470fd5380d4f2de9614acfc2,13b410c1470fd5380d4f2de9614acfc2,13b410c1470fd5380d4f2de9614acfc2,13b410c1470fd5380d4f2de9614acfc2,13b410c1470fd5380d4f2de9614acfc2,13b410c1470fd5380d4f2de9614acfc2,13b410c1470fd5380d4f2de9614acfc2
/local/advance/images/i_monitor.jpg,9987fbe692de2ddfd8ba318be379ce9b,9987fbe692de2ddfd8ba318be379ce9b,9987fbe692de2ddfd8ba318be379ce9b,9987fbe692de2ddfd8ba318be379ce9b,9987fbe692de2ddfd8ba318be379ce9b,9987fbe692de2ddfd8ba318be379ce9b,9987fbe692de2ddfd8ba318be379ce9b,9987fbe692de2ddfd8ba318be379ce9b
